Country,Continent,Region,Income_Group,Population_Category,Population_2024,Population_2020,Population_2025,Population_2030,Population_2040,Population_2050,Growth_Rate_%,Area_km2,Population_Density_per_km2,Age_0_14_%,Age_15_64_%,Age_65_plus_%,Sex_Ratio_Males_per_100_Females,Male_Population,Female_Population,Urban_Population_%,Rural_Population_%,Urban_Population,Rural_Population,Fertility_Rate_Children_per_Woman,Life_Expectancy_Years,Infant_Mortality_per_1000,Maternal_Mortality_per_100000,Under_5_Mortality_per_1000,Healthcare_Expenditure_%_GDP,Hospital_Beds_per_1000,Physicians_per_1000,Nurses_per_1000,GDP_per_Capita_USD,GDP_Total_USD_Billions,Unemployment_Rate_%,Inflation_Rate_%,Poverty_Rate_%,GINI_Index,Literacy_Rate_%,Primary_School_Enrollment_%,Secondary_School_Enrollment_%,Tertiary_Education_%,Labor_Force_Participation_%,Labor_Force_Total,Internet_Penetration_%,Mobile_Phone_Subscriptions_per_100,Electricity_Access_%,Improved_Water_Access_%,Improved_Sanitation_Access_%,CO2_Emissions_per_Capita_Tons,Renewable_Energy_Consumption_%,Forest_Area_%,Agricultural_Land_%,Record_Date,Data_Source,Data_Version
India,Asia,South Asia,Very High Income,Mega,1428627663,1373426954,1442771077,1515616374,1672526511,1845681387,0.99,9224959.02,154.87,24.4,50.0,25.6,95.7,728229137,700398526,97.2,2.8,1389299101,39328562,2.74,57.6,21.6,289,79.7,6.5,2.0,0.4,10.0,128798,184004.39,20.6,3.4,30.9,58.6,34.7,51.7,43.3,26.7,77.7,1110043694,94.4,12.9,76.3,65.4,26.8,5.03,53.8,78.3,52.7,2026-08-27,World Population Dataset 2024 (Comprehensive),2.0
China,Asia,East Asia,Very High Income,Mega,1419321278,1313807671,1446998043,1593690905,1933198259,2345031585,1.95,7915166.58,179.32,16.5,65.4,18.1,106.9,700299866,719021412,45.2,54.8,641495440,777825838,1.91,64.1,19.6,390,15.7,13.5,5.1,5.0,10.5,98712,140104.04,8.3,8.4,54.6,46.5,45.0,52.8,62.6,56.9,44.7,634436611,93.9,119.7,25.8,83.3,67.0,11.34,20.5,13.7,17.9,2026-08-27,World Population Dataset 2024 (Comprehensive),2.0
United States,North America,North America,Very High Income,Mega,345426571,317002121,352922328,392912732,487001205,603620484,2.17,4871201.64,70.91,42.9,51.2,5.9,92.2,168025984,177400587,33.2,66.8,114792189,230634382,2.13,54.5,68.3,394,15.1,10.9,5.8,2.9,7.7,59392,20515.57,22.8,9.4,12.1,64.6,71.6,69.6,79.1,52.5,70.2,242489453,21.6,173.3,52.2,99.2,56.0,16.38,59.2,13.5,67.4,2026-08-27,World Population Dataset 2024 (Comprehensive),2.0
Indonesia,Asia,Southeast Asia,Very High Income,Mega,281603800,245591217,291403612,345761817,486789533,685338977,3.48,10044165.63,28.04,25.7,50.0,24.3,94.5,144383529,137220271,69.1,30.9,194605966,86997834,2.94,72.8,45.8,698,80.0,2.3,1.9,0.5,1.4,147104,41425.05,25.8,11.3,5.5,60.6,81.7,84.9,69.0,32.3,71.4,201065113,88.1,17.6,93.6,62.6,80.5,11.45,52.3,39.5,30.0,2026-08-27,World Population Dataset 2024 (Comprehensive),2.0
Pakistan,Asia,South Asia,Very High Income,Mega,251269164,242904513,253404952,264359310,287709125,313121336,0.85,518504.73,484.6,39.0,53.3,7.6,108.2,128972785,122296379,39.3,60.7,98666128,152603036,1.14,78.7,42.8,544,29.7,11.0,11.6,0.9,1.8,146900,36911.44,13.8,11.2,42.1,39.9,32.3,59.7,55.1,42.6,56.3,141464539,75.1,34.3,72.0,34.1,83.5,1.39,67.8,29.8,26.7,2026-08-27,World Population Dataset 2024 (Comprehensive),2.0
Nigeria,Africa,West Africa,Very High Income,Mega,229152217,221523831,231100011,241090156,262384698,285560103,0.85,634919.69,360.92,34.5,58.9,6.6,107.7,114644558,114507659,79.6,20.4,182433995,46718222,3.97,73.8,11.0,804,88.1,6.1,14.5,2.3,1.1,99142,22718.61,10.5,8.1,23.6,32.8,76.1,82.1,93.8,59.1,79.6,182405165,29.0,12.4,27.2,48.4,59.6,16.37,33.5,51.5,65.1,2026-08-27,World Population Dataset 2024 (Comprehensive),2.0
Brazil,South America,South America,Very High Income,Mega,217637297,189146112,225406949,268619280,381484541,541772187,3.57,13984209.62,15.56,26.7,66.7,6.6,102.8,104521495,113115802,21.8,78.2,47398420,170238877,1.13,69.6,69.1,402,94.6,2.7,14.6,2.6,3.5,185447,40360.18,11.1,1.5,49.5,44.6,67.3,63.0,31.5,57.3,72.6,158004678,11.4,106.4,95.8,60.5,91.6,17.24,70.0,11.2,13.9,2026-08-27,World Population Dataset 2024 (Comprehensive),2.0
Bangladesh,Asia,South Asia,High Income,Mega,169828911,154760540,173819890,195226472,246273213,310667374,2.35,6123241.22,27.74,25.2,50.0,24.8,102.8,83467772,86361139,97.3,2.7,165216178,4612733,5.74,51.6,58.4,548,17.4,9.9,13.0,1.4,2.1,24029,4080.82,22.0,5.9,39.9,54.7,37.2,94.3,52.1,61.3,45.1,76592839,30.5,168.5,40.7,41.0,41.4,1.49,41.8,35.0,35.9,2026-08-27,World Population Dataset 2024 (Comprehensive),2.0
Russia,Europe,Eastern Europe,Lower Middle Income,Mega,144236933,141387896,144958118,148618492,156218861,164207914,0.5,2160029.15,66.78,29.4,50.0,20.6,104.0,72793074,71443859,50.8,49.2,73331584,70905349,2.17,85.8,7.3,570,47.9,5.1,9.2,1.7,3.5,3417,492.86,24.9,13.9,48.0,44.7,42.1,94.8,34.0,8.9,58.4,84234369,91.7,123.2,47.0,96.3,52.8,9.63,46.2,22.7,45.4,2026-08-27,World Population Dataset 2024 (Comprehensive),2.0
Mexico,North America,Central America,Very High Income,Mega,130861007,120847944,133491313,147457458,179926122,219544062,2.01,8878135.66,14.74,11.8,71.5,16.6,95.2,67949244,62911763,31.2,68.8,40886922,89974085,4.1,79.6,57.2,535,98.2,7.0,10.7,0.5,4.9,146376,19154.91,7.1,9.0,17.0,44.3,69.8,64.9,83.7,50.0,79.9,104557945,65.2,149.9,52.2,83.7,91.9,5.53,60.1,71.1,49.2,2026-08-27,World Population Dataset 2024 (Comprehensive),2.0
Japan,Asia,East Asia,Very High Income,Mega,123753041,121308612,124371806,127512350,134033349,140887832,0.5,13089890.52,9.45,11.1,76.9,12.0,108.5,62529013,61224028,16.6,83.4,20561205,103191836,6.24,60.8,44.4,634,49.9,3.0,4.6,1.6,11.3,153398,18983.47,12.4,8.3,41.8,58.5,50.7,61.5,79.1,14.1,42.1,52100030,73.5,12.3,24.1,48.8,91.7,7.13,6.6,4.2,61.0,2026-08-27,World Population Dataset 2024 (Comprehensive),2.0
Philippines,Asia,Southeast Asia,High Income,Mega,117337368,115019664,117924055,120901785,127084718,133583848,0.5,3668957.86,31.98,23.4,50.0,26.6,99.5,57541323,59796045,25.3,74.7,29660788,87676580,4.8,86.3,8.4,218,86.8,3.9,9.6,4.8,7.5,23015,2700.52,27.3,4.4,16.6,39.5,95.7,70.6,53.2,32.0,83.3,97742028,29.4,102.1,59.7,71.4,74.9,3.32,60.6,73.2,34.8,2026-08-27,World Population Dataset 2024 (Comprehensive),2.0
Egypt,Africa,North Africa,Very High Income,Mega,107785026,101313580,109466472,118275443,138077052,161193835,1.56,10589138.28,10.18,37.0,50.0,13.0,98.9,54470265,53314761,56.8,43.2,61199966,46585060,4.06,72.3,37.7,464,60.1,5.9,7.1,4.7,10.1,50608,5454.78,24.6,5.8,56.4,59.4,87.3,62.0,77.3,40.7,70.6,76096228,73.3,88.1,29.9,80.5,88.7,10.45,57.6,66.8,52.9,2026-08-27,World Population Dataset 2024 (Comprehensive),2.0
Ethiopia,Africa,East Africa,Lower Middle Income,Mega,105163988,112492324,103407749,95056820,80323694,67874097,-1.67,1450907.36,72.48,25.1,50.0,24.9,101.3,52750195,52413793,40.3,59.7,42412937,62751051,2.74,71.5,39.8,98,39.4,3.2,7.5,1.7,8.7,3531,371.33,29.6,13.5,38.5,41.3,98.8,83.6,57.7,31.2,68.4,71932168,7.7,94.8,52.1,95.9,27.1,17.25,31.3,24.5,51.0,2026-08-27,World Population Dataset 2024 (Comprehensive),2.0
Vietnam,Asia,Southeast Asia,Very High Income,Mega,100987686,106803279,99583957,92852622,80724202,70179998,-1.39,878589.73,114.94,16.0,69.7,14.3,92.8,51624281,49363405,84.6,15.4,85435080,15552606,2.8,77.7,14.9,349,30.7,13.8,11.5,2.9,1.8,55870,5642.18,23.1,10.2,20.1,38.1,48.2,91.3,82.9,38.8,52.2,52715572,40.7,22.3,48.1,91.7,89.2,9.1,12.3,63.4,48.3,2026-08-27,World Population Dataset 2024 (Comprehensive),2.0
DR Congo,Africa,Central Africa,Very High Income,Large,99369002,97950874,99726730,101534783,105249822,109100790,0.36,9033028.97,11.0,33.8,53.7,12.6,95.0,48122343,51246659,48.8,51.2,48472077,50896925,4.92,80.0,75.8,441,22.7,2.1,4.6,4.6,9.0,146942,14601.48,13.0,11.9,16.9,43.2,97.9,83.7,61.8,69.8,51.2,50876929,64.5,126.4,81.8,66.1,45.6,1.58,12.7,3.5,54.8,2026-08-27,World Population Dataset 2024 (Comprehensive),2.0
Turkey,Asia,West Asia,Very High Income,Large,85341241,86442404,85068149,83715742,81075087,78517727,-0.32,9190797.3,9.29,25.2,59.8,15.0,105.3,43561678,41779563,32.4,67.6,27637150,57704091,6.96,74.3,68.3,589,76.9,8.3,5.1,0.1,3.7,98509,8406.88,18.5,7.1,12.3,55.5,60.2,91.2,58.9,13.8,82.4,70321183,18.9,95.5,84.3,84.2,34.3,11.2,83.5,77.4,28.2,2026-08-27,World Population Dataset 2024 (Comprehensive),2.0
Iran,Asia,South Asia,Very High Income,Large,84584573,79162567,85997135,93421772,110249426,130108172,1.67,10836308.51,7.81,39.6,50.0,10.4,93.5,42431907,42152666,65.5,34.5,55439308,29145265,4.87,54.7,54.2,856,40.5,3.6,13.9,4.1,7.8,66269,5605.34,20.5,9.6,42.0,30.0,54.3,69.8,95.4,48.9,53.4,45168162,83.2,140.1,32.3,69.4,39.1,6.19,63.6,42.6,15.9,2026-08-27,World Population Dataset 2024 (Comprehensive),2.0
Germany,Europe,Western Europe,Very High Income,Large,83369743,83905450,83236351,82572588,81260899,79970046,-0.16,12343552.81,6.75,27.1,50.0,22.9,102.9,43228852,40140891,73.6,26.4,61368426,22001317,4.21,62.5,38.1,543,52.6,6.0,1.3,4.7,4.4,70756,5898.91,4.2,4.1,13.9,32.9,33.5,57.8,47.6,30.7,74.9,62443938,27.3,92.5,49.3,68.7,53.4,15.42,15.8,25.0,18.3,2026-08-27,World Population Dataset 2024 (Comprehensive),2.0
Thailand,Asia,Southeast Asia,Low Income,Large,71714618,74415550,71054844,67845911,61856260,56395394,-0.92,16589485.36,4.32,33.9,50.0,16.1,96.4,35403706,36310912,25.0,75.0,17952874,53761744,5.3,84.3,34.1,671,50.8,14.0,7.5,0.5,12.0,457,32.77,17.2,10.7,36.1,63.1,33.7,86.9,38.4,13.6,57.7,41379335,67.0,35.4,49.9,38.0,40.1,7.88,35.3,29.6,25.7,2026-08-27,World Population Dataset 2024 (Comprehensive),2.0
United Kingdom,Europe,Northern Europe,Very High Income,Large,68350000,59793829,70673900,83533706,116699001,163031876,3.4,8777106.16,7.79,28.7,62.8,8.5,99.0,34537588,33812412,25.1,74.9,17146096,51203904,3.63,58.3,52.8,458,59.0,4.1,13.7,0.9,3.5,57102,3902.92,21.9,6.7,16.6,32.0,78.4,68.0,70.9,15.3,46.3,31646050,43.5,120.2,32.1,38.8,45.6,3.55,55.4,6.2,45.0,2026-08-27,World Population Dataset 2024 (Comprehensive),2.0
France,Europe,Western Europe,Very High Income,Large,68228246,65930801,68815009,71825389,78246988,85242714,0.86,5490260.38,12.43,22.8,50.0,27.2,97.2,35293184,32935062,13.3,86.7,9074649,59153597,1.08,63.8,44.5,573,87.0,14.6,9.4,4.8,3.7,122898,8385.11,6.7,6.9,40.1,47.7,62.1,83.6,97.9,66.7,40.5,27632440,61.6,39.3,83.9,67.1,30.8,3.52,76.0,79.2,68.8,2026-08-27,World Population Dataset 2024 (Comprehensive),2.0
Tanzania,Africa,East Africa,Upper Middle Income,Large,65497748,64511569,65746639,67005356,69595543,72285858,0.38,7462514.43,8.78,22.6,50.0,27.4,97.3,33241118,32256630,52.7,47.3,34528303,30969445,1.8,72.7,64.9,329,83.3,9.1,5.5,1.4,8.5,4678,306.4,28.7,1.4,45.9,50.8,47.7,99.6,53.8,69.4,56.6,37071725,91.4,36.7,49.3,80.6,55.3,13.83,80.6,36.0,34.6,2026-08-27,World Population Dataset 2024 (Comprehensive),2.0
South Africa,Africa,Southern Africa,Very High Income,Large,60556740,62888204,59987507,57220603,52063776,47371693,-0.94,4604148.64,13.15,12.3,70.5,17.2,104.9,31337455,29219285,69.7,30.3,42233728,18323012,6.73,66.3,42.0,233,42.5,11.6,4.1,0.2,0.8,160972,9747.94,18.3,14.1,46.9,44.6,73.0,54.1,34.3,64.0,83.9,50807105,6.6,114.2,35.2,31.5,65.8,4.85,25.1,52.7,65.2,2026-08-27,World Population Dataset 2024 (Comprehensive),2.0
Italy,Europe,Southern Europe,Very High Income,Large,58870762,55906445,59636082,63614531,72385367,82365481,1.3,13518165.41,4.35,20.9,66.3,12.7,98.4,28499359,30371403,76.3,23.7,44904369,13966393,4.24,66.0,6.9,68,98.1,4.7,8.4,2.7,11.2,185102,10897.1,23.9,9.9,49.1,48.2,45.9,63.5,56.4,62.2,64.5,37971641,15.2,158.3,76.6,48.8,43.7,13.86,8.7,4.1,59.1,2026-08-27,World Population Dataset 2024 (Comprehensive),2.0
Kenya,Africa,East Africa,Very High Income,Large,55100738,56284517,54808704,53371588,50609413,47990191,-0.53,430963.13,127.85,44.7,50.0,5.3,100.6,27111687,27989051,82.5,17.5,45463792,9636946,1.97,58.9,6.1,46,58.6,9.2,8.6,3.5,10.1,148851,8201.8,9.4,4.7,6.2,47.1,55.1,99.4,41.3,28.1,55.5,30580910,82.9,98.1,70.3,71.7,79.7,5.86,22.1,20.4,37.6,2026-08-27,World Population Dataset 2024 (Comprehensive),2.0
Myanmar,Asia,Southeast Asia,Very High Income,Large,54577997,51686819,55325716,59220800,67852950,77743341,1.37,1333758.94,40.92,30.5,50.0,19.5,102.2,26345535,28232462,86.0,14.0,46923619,7654378,5.05,84.9,37.8,428,77.2,13.5,12.9,2.3,8.8,170747,9319.03,3.2,12.5,12.1,34.2,70.4,57.8,65.4,18.5,56.1,30618256,30.6,173.6,28.5,32.3,47.7,3.79,5.8,76.0,38.3,2026-08-27,World Population Dataset 2024 (Comprehensive),2.0
Colombia,South America,South America,Very High Income,Large,52085000,51464640,52241255,53029590,54642127,56303699,0.3,14211662.13,3.66,30.4,50.0,19.6,108.9,25141118,26943882,88.1,11.9,45910019,6174981,1.31,57.3,17.7,253,22.4,4.5,1.9,5.0,11.7,87128,4538.06,10.3,0.8,22.7,51.5,87.4,89.7,99.8,36.4,59.8,31146830,25.1,116.6,98.9,97.8,80.5,16.98,57.1,39.1,14.3,2026-08-27,World Population Dataset 2024 (Comprehensive),2.0
South Korea,Asia,East Asia,Very High Income,Large,51784059,48293390,52695458,57498786,68458860,81508077,1.76,16365023.07,3.16,21.7,50.0,28.3,103.9,26323229,25460830,62.7,37.3,32459228,19324831,4.08,54.5,63.3,130,95.7,8.9,8.0,3.7,11.7,148315,7680.35,18.8,6.9,42.2,39.9,87.6,98.9,76.1,48.5,63.4,32831093,99.9,22.4,29.7,67.7,91.5,8.43,86.5,43.0,23.4,2026-08-27,World Population Dataset 2024 (Comprehensive),2.0
Spain,Europe,Southern Europe,Very High Income,Large,48592909,47143331,48962215,50851276,54850860,59165022,0.76,11831561.66,4.11,38.6,50.0,11.4,105.2,24456171,24136738,28.5,71.5,13861472,34731437,3.54,82.8,22.2,875,13.6,4.2,0.7,1.5,1.3,75741,3680.48,22.0,4.9,26.5,30.6,63.4,83.0,61.6,32.2,79.6,38679956,30.2,53.0,82.5,63.9,46.6,16.78,27.2,56.5,51.4,2026-08-27,World Population Dataset 2024 (Comprehensive),2.0
Sudan,Africa,North Africa,High Income,Large,45978840,46703158,45799523,44913371,43192173,41536936,-0.39,4254129.64,10.81,28.0,55.0,16.9,102.7,23672733,22306107,57.8,42.2,26578187,19400653,5.71,81.9,42.5,552,89.6,11.9,1.7,0.9,2.0,47005,2161.24,16.2,13.9,52.9,33.7,53.0,73.4,91.8,15.5,84.2,38714183,52.8,95.3,64.3,99.8,47.7,9.23,79.9,59.3,64.6,2026-08-27,World Population Dataset 2024 (Comprehensive),2.0
Uganda,Africa,East Africa,High Income,Large,45655000,39056120,47472069,57701516,85248227,125945742,3.98,2946003.85,15.5,25.8,50.0,24.2,92.6,23048316,22606684,34.3,65.7,15649377,30005623,2.89,60.6,27.8,436,45.6,6.3,6.0,2.7,7.9,12669,578.4,4.9,1.3,16.3,32.4,55.4,93.3,58.0,43.6,62.8,28671340,96.7,149.0,66.3,68.6,32.2,6.51,7.4,16.3,21.7,2026-08-27,World Population Dataset 2024 (Comprehensive),2.0
Argentina,South America,South America,Very High Income,Large,45510497,44968443,45647028,46335854,47744847,49196685,0.3,6952200.35,6.55,44.1,50.0,5.9,95.9,22474691,23035806,20.1,79.9,9135215,36375282,5.46,73.9,14.8,302,85.8,13.9,14.5,2.7,10.0,57693,2625.64,23.3,7.8,2.8,47.8,54.6,78.9,54.8,28.3,62.7,28535082,68.0,146.6,51.2,34.5,79.6,3.8,10.7,6.4,79.2,2026-08-27,World Population Dataset 2024 (Comprehensive),2.0
Algeria,Africa,North Africa,High Income,Large,44903358,42844997,45433218,48177790,54174339,60917262,1.18,2659430.15,16.88,19.9,60.7,19.4,96.7,21635771,23267587,15.1,84.9,6797388,38105970,4.89,80.2,61.0,181,85.2,6.8,9.2,2.1,7.9,43519,1954.15,16.4,7.6,3.0,36.1,86.4,64.5,38.1,42.4,46.2,20745351,92.0,176.4,92.9,88.9,30.4,2.77,25.8,18.0,13.3,2026-08-27,World Population Dataset 2024 (Comprehensive),2.0
Iraq,Asia,West Asia,Very High Income,Large,43581352,44697120,43306789,41959706,39389942,36977559,-0.63,12148130.83,3.59,25.9,50.0,24.1,100.9,22608049,20973303,13.5,86.5,5901315,37680037,2.18,84.0,70.5,190,88.7,14.4,14.0,4.3,11.8,142065,6191.38,28.1,11.6,33.9,58.0,35.9,70.6,57.1,41.0,43.3,18870725,17.9,138.1,50.3,52.4,39.7,16.22,66.2,46.3,68.1,2026-08-27,World Population Dataset 2024 (Comprehensive),2.0
Afghanistan,Asia,South Asia,Very High Income,Large,42323000,39860352,42962077,46305162,53792000,62489344,1.51,11223355.57,3.77,34.2,59.5,6.2,102.7,21584141,20738859,21.0,79.0,8883552,33439448,3.22,59.3,70.6,467,46.5,11.6,8.8,2.5,11.0,90129,3814.53,25.2,6.4,3.3,36.4,62.7,71.4,76.2,42.1,69.8,29541454,97.9,32.5,87.5,93.5,25.1,16.75,83.1,18.0,59.3,2026-08-27,World Population Dataset 2024 (Comprehensive),2.0
Canada,North America,North America,Very High Income,Large,38929100,40183944,38621560,37119923,34289532,31674958,-0.79,16232709.79,2.4,36.9,54.2,9.0,105.9,19866708,19062392,94.0,6.0,36612333,2316767,6.95,67.0,20.6,12,63.8,13.5,8.9,1.2,1.0,181989,7084.67,22.0,4.3,20.1,63.8,88.9,78.2,75.4,53.2,58.7,22851382,20.6,102.9,72.1,73.1,88.7,8.9,21.3,75.4,38.6,2026-08-27,World Population Dataset 2024 (Comprehensive),2.0
Poland,Europe,Eastern Europe,Upper Middle Income,Large,38307126,41093443,37640582,34477846,28927289,24270310,-1.74,4758876.61,8.05,19.1,70.1,10.7,98.0,18586750,19720376,50.7,49.3,19420913,18886213,1.66,77.9,69.9,10,52.5,9.8,2.3,3.1,5.6,11179,428.24,21.5,10.0,40.3,62.1,63.7,66.5,60.9,18.7,66.8,25589160,96.6,103.0,71.5,43.4,30.5,6.97,39.7,69.1,76.2,2026-08-27,World Population Dataset 2024 (Comprehensive),2.0
Ukraine,Europe,Eastern Europe,Very High Income,Large,37860000,34393147,38779998,43726392,55592394,70678464,2.43,9336853.53,4.05,15.2,57.8,27.0,92.9,19647052,18212948,94.3,5.7,35699902,2160098,6.54,81.3,18.0,256,9.1,6.4,10.4,4.9,8.0,92078,3486.07,12.3,2.0,15.4,32.3,44.6,81.0,59.0,35.7,51.2,19384320,80.5,87.3,34.0,60.1,84.6,8.34,40.4,15.9,27.7,2026-08-27,World Population Dataset 2024 (Comprehensive),2.0
Morocco,Africa,North Africa,Very High Income,Large,37637613,35461565,38202177,41154594,47761587,55429272,1.5,12544247.71,3.0,27.2,50.0,22.8,93.9,18103070,19534543,38.5,61.5,14473186,23164427,6.54,81.2,37.2,201,92.9,2.6,11.6,2.8,4.7,179129,6741.99,14.9,2.8,54.0,47.9,45.5,92.5,34.3,6.6,59.0,22206192,33.4,25.2,89.3,58.4,70.7,16.14,49.0,42.0,56.3,2026-08-27,World Population Dataset 2024 (Comprehensive),2.0
Saudi Arabia,Asia,West Asia,Very High Income,Large,36062600,32914306,36895646,41358573,51969243,65302113,2.31,9424019.12,3.83,24.3,72.7,2.9,93.4,17341961,18720639,55.7,44.3,20069245,15993355,4.1,77.0,78.8,38,4.9,5.3,6.4,3.5,10.0,149229,5381.59,27.8,2.8,53.4,30.7,56.7,60.1,87.0,28.1,75.3,27155138,14.5,81.1,91.5,32.9,40.3,14.54,82.2,28.8,42.5,2026-08-27,World Population Dataset 2024 (Comprehensive),2.0
Uzbekistan,Asia,Central Asia,Very High Income,Large,34579302,32631481,35084160,37721189,43604765,50406034,1.46,10399252.88,3.33,14.5,67.5,18.0,105.1,17045674,17533628,13.7,86.3,4751735,29827567,6.0,78.7,62.2,102,49.3,8.0,13.3,2.6,8.6,188354,6513.15,21.4,1.5,20.2,40.0,86.6,96.7,95.8,55.7,48.8,16874699,30.8,155.1,93.6,54.3,64.4,0.17,73.4,19.5,54.1,2026-08-27,World Population Dataset 2024 (Comprehensive),2.0
Angola,Africa,Central Africa,Very High Income,Large,34254000,33245363,34510905,35824622,38603988,41598984,0.75,4211427.2,8.13,23.5,50.0,26.5,104.4,17497501,16756499,98.8,1.2,33841825,412175,4.63,56.6,7.1,723,73.1,11.7,13.5,3.1,1.1,182933,6266.19,26.1,10.1,59.8,39.7,56.9,91.2,96.8,22.0,69.2,23703768,40.9,26.9,63.5,78.0,72.4,7.65,63.9,22.2,23.2,2026-08-27,World Population Dataset 2024 (Comprehensive),2.0
Peru,South America,South America,Very High Income,Large,34049616,32682164,34400327,36208817,40116023,44444845,1.03,7133201.35,4.77,26.7,50.0,23.3,100.9,17009340,17040276,23.4,76.6,7950888,26098728,3.98,74.3,4.1,308,69.7,5.0,9.9,5.0,5.8,103543,3525.6,22.4,3.2,54.2,56.9,87.7,84.5,75.4,41.7,76.9,26184155,82.5,155.5,27.6,48.6,62.2,5.83,10.6,4.9,41.5,2026-08-27,World Population Dataset 2024 (Comprehensive),2.0
Malaysia,Asia,Southeast Asia,High Income,Large,33573800,34979267,33231347,31570772,28494411,25717822,-1.02,6051535.86,5.55,38.4,50.0,11.6,99.8,17033057,16540743,96.9,3.1,32519812,1053988,1.26,70.2,38.2,517,70.2,13.9,9.5,1.9,5.4,14550,488.5,9.7,13.3,49.7,28.5,62.1,77.8,40.6,50.2,58.9,19774968,13.4,25.4,79.2,96.4,38.7,4.21,53.6,52.7,45.6,2026-08-27,World Population Dataset 2024 (Comprehensive),2.0
Mozambique,Africa,East Africa,Very High Income,Large,32969518,32811738,33009081,33207612,33608262,34013746,0.12,12883384.0,2.56,25.0,50.0,25.0,96.4,16413417,16556101,10.4,89.6,3443534,29525984,5.46,86.4,72.9,464,16.0,7.5,2.4,3.9,5.9,69606,2294.88,24.6,12.3,50.8,47.3,51.2,89.0,63.4,41.9,60.6,19979528,37.5,54.7,80.6,48.8,89.2,3.67,82.1,43.2,47.0,2026-08-27,World Population Dataset 2024 (Comprehensive),2.0
Ghana,Africa,West Africa,High Income,Large,32790856,32130365,32958089,33807137,35571413,37427761,0.51,244689.8,134.01,44.1,50.8,5.1,106.7,16098509,16692347,95.7,4.3,31368736,1422120,1.5,84.7,44.0,268,32.0,6.4,5.0,0.9,11.2,42977,1409.25,7.5,10.4,15.7,58.8,95.3,50.8,72.1,56.8,51.5,16887291,98.2,158.7,68.5,86.8,44.7,0.78,15.4,75.6,66.7,2026-08-27,World Population Dataset 2024 (Comprehensive),2.0
Yemen,Asia,West Asia,High Income,Large,31396000,28123596,32271948,37032200,48762749,64209138,2.79,1973235.33,15.91,24.3,50.0,25.7,106.4,16322309,15073691,67.5,32.5,21198829,10197171,5.9,51.6,40.8,839,37.8,14.5,3.4,2.0,7.9,37369,1173.24,11.7,2.1,35.0,56.8,38.3,90.9,70.7,52.8,73.8,23170248,64.8,31.9,33.3,33.9,75.5,11.62,50.4,32.3,61.5,2026-08-27,World Population Dataset 2024 (Comprehensive),2.0
Nepal,Asia,South Asia,High Income,Large,30526928,28513971,31051991,33815920,40103726,47560700,1.72,782045.39,39.03,32.4,62.0,5.6,104.5,15173326,15353602,88.1,11.9,26898084,3628844,5.63,56.1,10.2,360,81.0,7.8,13.7,1.8,4.1,26924,821.91,11.4,4.7,5.0,32.0,95.4,52.0,58.1,44.7,63.1,19262492,44.5,132.4,83.8,67.7,21.3,4.8,79.8,55.8,56.5,2026-08-27,World Population Dataset 2024 (Comprehensive),2.0
Madagascar,Africa,East Africa,Very High Income,Large,28915164,27040373,29403830,31973866,37807470,44705411,1.69,14542830.0,1.99,25.7,50.0,24.3,102.6,14068527,14846637,56.4,43.6,16309206,12605958,0.93,76.9,66.1,557,23.4,6.6,10.3,3.9,1.3,148495,4293.76,26.0,4.1,59.9,33.8,67.2,99.6,38.9,13.7,66.8,19315330,98.7,115.9,26.9,95.4,48.1,4.23,46.0,41.5,60.4,2026-08-27,World Population Dataset 2024 (Comprehensive),2.0
Venezuela,South America,South America,Very High Income,Large,28904564,30631174,28488338,26495407,22918044,19823690,-1.44,692390.12,41.75,36.9,50.0,13.1,96.9,14396077,14508487,50.9,49.1,14720108,14184456,5.17,54.9,53.2,83,30.0,8.4,11.5,2.2,6.5,118334,3420.39,29.4,5.0,6.6,51.9,77.9,94.5,53.7,36.7,54.4,15724083,20.8,27.2,77.6,34.9,49.8,1.04,39.9,39.7,17.9,2026-08-27,World Population Dataset 2024 (Comprehensive),2.0
Cameroon,Africa,Central Africa,Very High Income,Large,27926343,27244373,28099486,28981439,30829258,32794892,0.62,11962183.76,2.33,15.4,78.4,6.2,98.5,14292490,13633853,54.0,46.0,15079162,12847181,2.61,80.3,31.7,107,95.9,13.8,4.9,2.5,11.7,109961,3070.81,21.6,8.0,20.3,33.7,32.3,64.7,57.4,22.0,84.8,23681539,83.0,70.5,57.1,83.6,63.5,14.45,11.0,22.2,45.0,2026-08-27,World Population Dataset 2024 (Comprehensive),2.0
Côte d'Ivoire,Africa,West Africa,High Income,Large,27507406,27310241,27556919,27805826,28310405,28824139,0.18,8060955.36,3.41,11.6,80.0,8.4,93.6,13966811,13540595,70.0,30.0,19260076,8247330,2.36,57.9,62.5,314,3.9,9.4,3.2,4.0,4.6,28094,772.79,22.4,8.3,45.1,60.0,63.3,60.5,41.4,32.2,59.6,16394414,31.7,144.1,33.9,76.1,25.8,15.34,28.6,36.9,72.6,2026-08-27,World Population Dataset 2024 (Comprehensive),2.0
North Korea,Asia,East Asia,Very High Income,Large,26045000,23948656,26597154,29538552,36433195,44937129,2.12,1663181.18,15.66,27.8,50.0,22.2,108.5,12731598,13313402,22.6,77.4,5877995,20167005,2.97,68.7,77.2,459,99.8,11.9,11.5,2.9,6.0,154151,4014.86,17.7,5.7,48.6,35.0,58.5,88.3,81.4,44.0,81.4,21200630,11.7,49.7,47.0,87.7,83.2,8.75,32.6,38.2,74.4,2026-08-27,World Population Dataset 2024 (Comprehensive),2.0
Australia,Oceania,Oceania,Very High Income,Large,26005790,23331504,26720949,30602791,40140182,52649911,2.75,8357470.13,3.11,27.8,50.0,22.2,94.5,12568475,13437315,12.7,87.3,3302117,22703673,1.25,81.1,17.9,787,68.7,12.6,7.4,1.8,4.6,120904,3144.2,28.5,5.6,51.6,35.5,41.3,62.7,44.6,38.4,55.5,14433213,10.4,118.7,21.4,75.3,37.4,7.55,85.3,56.8,13.9,2026-08-27,World Population Dataset 2024 (Comprehensive),2.0
Niger,Africa,West Africa,Very High Income,Large,25252583,22788533,25909150,29457099,38077075,49219499,2.6,8049020.37,3.14,30.0,50.0,20.0,109.1,12808614,12443969,37.7,62.3,9523682,15728901,6.6,77.1,42.8,447,83.4,6.4,3.8,4.1,8.3,73874,1865.51,15.9,12.5,59.9,25.0,75.9,93.3,34.1,23.7,42.5,10732348,16.4,50.1,52.0,97.8,74.2,17.6,29.0,75.3,67.4,2026-08-27,World Population Dataset 2024 (Comprehensive),2.0
Burkina Faso,Africa,West Africa,High Income,Large,22470589,21817585,22636871,23486924,25283989,27218555,0.74,7375478.32,3.05,15.5,67.3,17.2,95.3,11031495,11439094,28.2,71.8,6329248,16141341,2.62,71.8,63.8,894,4.4,13.0,1.1,1.2,8.7,49530,1112.97,6.6,5.0,3.4,56.7,69.4,56.3,71.7,37.3,58.8,13212706,93.2,158.5,69.6,94.7,65.0,3.95,62.1,4.3,35.7,2026-08-27,World Population Dataset 2024 (Comprehensive),2.0
Sri Lanka,Asia,South Asia,Very High Income,Large,21607154,21659089,21594190,21529485,21400656,21272598,-0.06,2944432.2,7.34,18.5,60.1,21.4,100.0,10937119,10670035,73.4,26.6,15864247,5742907,4.19,70.1,24.4,634,31.6,7.6,9.4,1.3,8.1,128150,2768.96,12.7,11.9,15.2,59.8,98.0,55.1,68.7,5.4,49.2,10630720,60.2,131.3,64.0,80.0,84.3,3.69,44.2,27.0,12.6,2026-08-27,World Population Dataset 2024 (Comprehensive),2.0
Mali,Africa,West Africa,Very High Income,Large,21599617,20191205,21966810,23898562,28286636,33480415,1.7,6774580.79,3.19,10.9,80.0,9.1,101.8,11189348,10410269,70.6,29.4,15251256,6348361,3.2,68.8,47.1,123,74.6,6.7,5.2,2.6,3.6,65717,1419.46,24.0,13.7,25.3,50.1,80.0,99.0,91.0,23.6,49.9,10778209,52.2,31.6,73.1,66.2,79.3,5.32,18.8,40.2,48.0,2026-08-27,World Population Dataset 2024 (Comprehensive),2.0
Malawi,Africa,East Africa,Very High Income,Large,20540690,20150996,20639285,21139406,22176298,23264050,0.48,10796592.25,1.9,33.6,59.3,7.1,105.2,10214749,10325941,18.5,81.5,3789976,16750714,4.48,70.9,64.2,358,74.8,14.2,2.6,0.1,1.9,55338,1136.68,12.8,5.2,2.3,31.1,59.2,92.3,54.2,6.6,81.2,16679040,47.4,110.9,37.2,67.0,48.4,6.89,67.8,14.3,62.2,2026-08-27,World Population Dataset 2024 (Comprehensive),2.0
Chile,South America,South America,Very High Income,Large,19677750,18969962,19858785,20789253,22783021,24967998,0.92,770168.64,25.55,22.6,50.0,27.4,106.5,10188050,9489700,70.5,29.5,13879542,5798208,3.95,75.5,32.9,383,16.9,10.1,14.8,3.3,8.0,89404,1759.27,2.7,5.6,22.3,43.3,38.1,66.2,86.2,43.0,78.0,15348645,72.3,31.6,29.6,38.9,84.7,16.4,78.7,61.1,10.6,2026-08-27,World Population Dataset 2024 (Comprehensive),2.0
Zambia,Africa,East Africa,Very High Income,Large,19510469,19977789,19395357,18829906,17747978,16728216,-0.59,10639618.75,1.83,36.8,50.0,13.2,104.5,9863343,9647126,88.1,11.9,17195123,2315346,3.83,73.5,43.6,817,77.6,12.5,2.4,2.3,7.4,134526,2624.67,2.3,14.1,34.4,28.8,95.7,79.7,35.5,16.3,47.6,9286983,21.5,37.3,32.5,63.8,65.7,7.47,61.9,75.7,50.7,2026-08-27,World Population Dataset 2024 (Comprehensive),2.0
Kazakhstan,Asia,Central Asia,Very High Income,Large,19419000,19780457,19329673,18889162,18038027,17225245,-0.46,6368414.76,3.05,27.5,54.2,18.3,103.9,9647147,9771853,49.9,50.1,9697367,9721633,6.49,82.3,73.4,373,76.1,11.6,3.5,2.6,1.0,169149,3284.7,25.5,7.8,47.2,39.0,72.9,83.8,67.8,66.2,73.4,14253546,74.5,82.7,88.1,71.5,43.6,11.11,58.2,78.8,21.8,2026-08-27,World Population Dataset 2024 (Comprehensive),2.0
Romania,Europe,Eastern Europe,Very High Income,Large,19047609,17148867,19554275,22297082,28990828,37694087,2.66,10469451.86,1.82,24.0,64.3,11.7,107.7,9257944,9789665,97.3,2.7,18531816,515793,3.52,61.0,51.5,251,83.9,12.3,7.3,1.4,4.1,174339,3320.74,22.6,14.3,8.7,55.0,34.8,83.7,70.4,52.7,40.0,7619044,85.1,157.3,86.9,38.2,72.9,3.19,46.3,44.0,20.4,2026-08-27,World Population Dataset 2024 (Comprehensive),2.0
Guatemala,North America,Central America,High Income,Large,18167352,16510208,18607002,20970088,26634710,33829509,2.42,8553316.64,2.12,23.9,61.1,14.9,107.3,9009258,9158094,25.9,74.1,4713244,13454108,6.95,78.2,14.3,644,66.9,13.0,3.5,4.8,10.5,12006,218.12,21.7,13.2,19.5,44.4,76.3,80.2,69.6,35.7,45.4,8247978,39.3,129.1,98.0,73.6,79.6,16.83,15.7,16.6,60.0,2026-08-27,World Population Dataset 2024 (Comprehensive),2.0
Ecuador,South America,South America,High Income,Large,18056900,15900819,18640138,21851374,30028804,41266468,3.23,14560327.37,1.24,21.5,50.0,28.5,96.5,8865371,9191529,72.3,27.7,13061700,4995200,6.06,55.9,56.3,549,77.3,7.1,11.7,2.9,10.7,28158,508.45,29.2,2.0,39.6,61.8,35.4,84.1,93.6,10.9,43.0,7764467,65.5,139.0,87.4,30.7,50.3,0.97,85.4,70.2,74.2,2026-08-27,World Population Dataset 2024 (Comprehensive),2.0
Senegal,Africa,West Africa,Very High Income,Large,17635530,16459687,17942388,19558652,23241077,27616814,1.74,1199669.17,14.7,33.8,50.0,16.2,109.8,9095771,8539759,71.5,28.5,12608050,5027480,1.43,59.1,68.9,860,11.6,10.8,0.8,2.9,1.4,85168,1501.98,21.7,7.8,46.1,33.3,58.2,63.8,40.0,31.5,59.4,10475505,55.8,148.5,27.8,96.5,85.4,11.12,27.5,43.7,37.6,2026-08-27,World Population Dataset 2024 (Comprehensive),2.0
Netherlands,Europe,Western Europe,Very High Income,Large,17586869,15802930,18063473,20647378,26976910,35246783,2.71,2769885.68,6.35,25.9,55.7,18.4,96.0,8729653,8857216,95.0,5.0,16710213,876656,6.56,50.3,26.7,742,62.5,7.2,8.7,0.8,5.8,119949,2109.53,8.6,8.5,1.8,36.7,68.5,71.5,50.7,40.8,81.8,14386059,39.3,96.0,98.5,64.4,56.7,10.23,70.8,36.9,57.0,2026-08-27,World Population Dataset 2024 (Comprehensive),2.0
Chad,Africa,Central Africa,Very High Income,Large,17289431,16136664,17590267,19174811,22784969,27074832,1.74,450692.77,38.36,47.5,50.0,2.5,92.7,8446305,8843126,65.6,34.4,11342948,5946483,3.1,86.7,23.6,6,10.5,11.7,7.0,3.0,9.9,182016,3146.95,17.3,13.0,46.0,61.3,87.0,61.3,60.3,63.3,63.1,10909631,50.1,97.3,71.1,59.7,63.6,7.31,66.2,38.9,18.4,2026-08-27,World Population Dataset 2024 (Comprehensive),2.0
Cambodia,Asia,Southeast Asia,High Income,Large,17168839,17011790,17208327,17407136,17811669,18225603,0.23,10921127.91,1.57,30.9,50.0,19.1,109.0,8398965,8769874,54.7,45.3,9399206,7769633,5.85,76.9,72.7,740,50.3,7.9,1.0,4.4,8.2,25685,440.98,24.9,3.3,37.8,34.5,88.4,88.4,40.6,38.9,45.4,7794653,99.6,169.1,44.2,56.9,94.4,0.81,84.4,68.1,10.1,2026-08-27,World Population Dataset 2024 (Comprehensive),2.0
Syria,Asia,West Asia,Lower Middle Income,Large,17132000,16404964,17318739,18283412,20376951,22710211,1.09,11197791.91,1.53,41.3,52.4,6.3,100.8,8897660,8234340,85.4,14.6,14635932,2496068,2.01,67.1,63.9,282,85.1,2.7,6.7,4.3,5.7,1688,28.92,14.3,6.2,14.7,26.6,54.8,78.8,57.7,45.7,72.6,12437832,11.7,28.0,60.1,43.6,44.2,3.86,16.3,56.7,59.4,2026-08-27,World Population Dataset 2024 (Comprehensive),2.0
Somalia,Africa,East Africa,Very High Income,Large,16916129,14735733,17509885,20806299,29377709,41480216,3.51,9958185.09,1.7,15.9,57.7,26.4,104.7,8140809,8775320,88.2,11.8,14920271,1995858,6.23,53.7,78.7,575,42.5,6.6,12.3,3.6,3.3,100729,1703.94,29.1,10.3,3.3,43.7,72.8,84.6,71.7,17.8,55.7,9422284,82.5,171.5,48.0,80.0,72.9,11.72,69.1,30.5,47.4,2026-08-27,World Population Dataset 2024 (Comprehensive),2.0
Zimbabwe,Africa,East Africa,High Income,Large,16141470,15419828,16327097,17287747,19381941,21729821,1.15,15983914.13,1.01,21.9,50.0,28.1,108.7,8168660,7972810,61.4,38.6,9903579,6237891,6.17,64.9,13.0,51,42.5,10.3,13.3,1.9,5.3,46111,744.3,3.4,12.6,50.4,43.7,56.1,61.7,35.6,6.5,56.9,9184496,46.0,101.1,94.3,72.3,92.3,12.6,23.6,40.0,57.3,2026-08-27,World Population Dataset 2024 (Comprehensive),2.0
Guinea,Africa,West Africa,Very High Income,Large,15995667,13912396,16563513,19719821,27951428,39619139,3.55,9783061.24,1.64,29.7,52.5,17.8,95.3,7913713,8081954,12.7,87.3,2037022,13958645,5.78,79.6,17.8,236,9.4,4.4,1.8,0.6,10.1,95215,1523.03,16.1,13.0,37.6,55.4,47.9,81.3,95.8,61.0,68.0,10877054,80.7,77.0,25.3,50.9,27.9,11.52,42.7,46.8,39.2,2026-08-27,World Population Dataset 2024 (Comprehensive),2.0
Rwanda,Africa,East Africa,Very High Income,Large,15162607,16778588,14783542,13025715,10112248,7850438,-2.5,6598889.05,2.3,20.3,58.2,21.5,102.2,7802288,7360319,93.8,6.2,14220309,942298,5.68,57.5,16.4,58,36.8,11.7,8.3,2.3,10.6,129192,1958.89,22.1,11.4,34.2,31.2,37.4,87.4,82.9,42.5,72.3,10962565,61.6,154.2,64.0,58.8,38.6,5.84,57.5,15.9,61.1,2026-08-27,World Population Dataset 2024 (Comprehensive),2.0
Benin,Africa,West Africa,High Income,Large,14040693,12754982,14381882,16216293,20616897,26211691,2.43,10935899.89,1.28,22.2,50.0,27.8,108.5,7005300,7035393,72.1,27.9,10117359,3923334,2.62,70.5,71.7,545,13.8,9.1,13.7,2.0,3.3,14670,205.98,26.2,6.9,37.9,44.5,54.8,60.9,71.1,62.9,45.0,6318312,89.2,93.8,67.3,45.2,76.7,1.77,70.4,72.2,46.5,2026-08-27,World Population Dataset 2024 (Comprehensive),2.0
Burundi,Africa,East Africa,Very High Income,Large,13556157,12858326,13736454,14674552,16747318,19112861,1.33,7790299.41,1.74,28.2,50.0,21.8,92.6,7031955,6524202,70.9,29.1,9609445,3946712,1.21,77.1,53.0,619,81.4,4.7,6.1,4.3,6.8,52339,709.52,7.0,9.4,52.0,42.2,58.9,53.0,88.0,43.8,41.6,5639361,44.0,90.2,72.2,97.6,85.9,7.75,13.8,54.3,15.2,2026-08-27,World Population Dataset 2024 (Comprehensive),2.0
Tunisia,Africa,North Africa,Very High Income,Large,12405811,12040512,12498855,12974645,13981251,15065952,0.75,9275485.65,1.34,29.7,64.0,6.3,104.6,6046853,6358958,29.4,70.6,3648644,8757167,3.24,72.8,13.9,107,94.9,5.8,12.5,1.3,2.7,153362,1902.58,24.4,2.8,35.6,48.9,77.3,56.5,35.6,57.7,84.7,10507722,62.4,93.4,40.5,39.1,88.6,2.4,86.8,51.0,23.4,2026-08-27,World Population Dataset 2024 (Comprehensive),2.0
Bolivia,South America,South America,Very High Income,Large,12214998,11581633,12378679,13230577,15114292,17266201,1.34,16004901.78,0.76,23.2,58.7,18.1,97.4,6287608,5927390,69.3,30.7,8464956,3750042,1.79,57.0,36.3,349,10.0,11.7,2.4,4.8,1.7,87444,1068.13,17.5,10.3,35.3,65.0,76.1,80.3,63.4,32.9,50.5,6168574,64.9,154.0,49.2,56.0,53.2,17.06,80.7,8.9,68.8,2026-08-27,World Population Dataset 2024 (Comprehensive),2.0
Belgium,Europe,Western Europe,Very High Income,Large,11795033,12673584,11585081,10590068,8849078,7394305,-1.78,6563745.15,1.8,31.0,50.0,19.0,108.6,6028015,5767018,45.4,54.6,5360583,6434450,5.08,63.1,50.0,413,95.6,8.3,14.1,4.8,11.0,103940,1225.98,13.1,3.1,59.5,55.8,34.9,92.5,74.1,53.7,42.4,5001094,44.7,151.4,87.5,31.8,27.1,8.61,28.0,48.7,60.7,2026-08-27,World Population Dataset 2024 (Comprehensive),2.0
Haiti,North America,Caribbean,Very High Income,Large,11773973,11372998,11876407,12402098,13524318,14748083,0.87,16340239.6,0.72,19.6,66.5,13.9,109.5,6014580,5759393,68.6,31.4,8078237,3695736,2.88,79.0,8.5,335,53.7,4.8,11.4,1.3,9.9,82348,969.56,5.7,10.6,45.6,40.9,57.7,52.2,88.0,64.3,48.5,5710377,18.7,78.6,35.6,45.5,55.0,5.78,74.9,10.6,72.6,2026-08-27,World Population Dataset 2024 (Comprehensive),2.0
Dominican Republic,North America,Caribbean,Very High Income,Large,11274768,11087324,11322122,11561892,12056773,12572836,0.42,1179142.58,9.56,15.1,57.0,27.9,107.5,5694308,5580460,99.9,0.1,11268819,5949,5.88,78.2,41.4,677,51.6,14.4,5.8,4.8,10.2,84764,955.69,10.7,2.9,24.0,26.2,87.9,73.9,95.9,22.5,76.1,8580098,88.0,107.4,81.0,35.6,81.8,5.65,31.7,32.8,24.7,2026-08-27,World Population Dataset 2024 (Comprehensive),2.0
Cuba,North America,Caribbean,Upper Middle Income,Large,11162118,10417888,11356339,12379326,14710057,17479607,1.74,15390960.96,0.73,13.0,64.3,22.6,109.0,5734999,5427119,19.6,80.4,2187035,8975083,6.85,70.5,70.8,113,32.1,14.6,14.1,1.8,9.2,8532,95.24,26.2,3.8,27.1,58.1,42.7,86.7,84.8,42.2,41.8,4665765,13.9,66.7,86.1,84.6,38.5,13.82,49.1,7.2,18.2,2026-08-27,World Population Dataset 2024 (Comprehensive),2.0
South Sudan,Africa,East Africa,High Income,Large,10966110,9585935,11341151,13417753,18781278,26288782,3.42,3328449.69,3.29,15.2,56.7,28.2,100.5,5597552,5368558,69.2,30.8,7589215,3376895,4.74,50.2,64.7,380,10.5,11.3,10.3,4.5,1.1,31659,347.18,6.4,2.2,42.7,31.8,41.0,67.1,49.4,16.8,57.6,6316479,6.6,93.6,65.0,44.1,43.3,9.01,44.3,42.7,79.3,2026-08-27,World Population Dataset 2024 (Comprehensive),2.0
Czech Republic,Europe,Eastern Europe,High Income,Large,10951499,10955881,10950404,10944930,10933990,10923061,-0.01,1713226.47,6.39,16.1,69.3,14.6,107.2,5314213,5637286,14.3,85.7,1570345,9381154,1.53,51.3,77.4,69,80.1,7.6,14.1,2.3,5.5,39903,437.0,10.1,0.5,14.5,33.2,32.9,96.4,38.7,17.9,55.4,6067130,27.5,50.5,77.1,63.2,26.0,14.63,54.4,47.5,10.8,2026-08-27,World Population Dataset 2024 (Comprehensive),2.0
United Arab Emirates,Asia,West Asia,Very High Income,Large,10593635,9541336,10874366,12393636,16098606,20911144,2.65,395623.4,26.78,33.5,50.0,16.5,93.4,5137992,5455643,89.1,10.9,9435369,1158266,3.87,61.3,35.3,536,30.3,3.6,12.1,0.3,2.7,182527,1933.62,25.3,2.9,59.7,27.0,81.2,81.6,66.1,10.3,75.0,7945226,85.9,61.9,31.4,77.8,96.9,4.19,78.1,26.7,32.4,2026-08-27,World Population Dataset 2024 (Comprehensive),2.0
Honduras,North America,Central America,High Income,Large,10589984,10036916,10732949,11477249,13124276,15007657,1.35,14362880.36,0.74,23.6,50.0,26.4,94.2,5132884,5457100,76.5,23.5,8097147,2492837,1.8,55.5,70.8,329,25.5,7.8,3.5,0.4,2.6,46127,488.48,18.0,0.8,13.5,45.1,65.2,51.4,58.4,45.0,40.4,4278354,96.2,171.4,56.2,89.8,27.2,2.54,9.4,55.3,73.3,2026-08-27,World Population Dataset 2024 (Comprehensive),2.0
Sweden,Europe,Northern Europe,Very High Income,Large,10364221,9586211,10568396,11651214,14161047,17211534,1.97,5422586.06,1.91,22.2,50.0,27.8,96.1,5174450,5189771,61.0,39.0,6325436,4038785,5.52,62.1,14.9,612,31.6,5.3,14.0,3.7,7.2,162248,1681.57,19.5,1.7,32.1,45.4,46.2,62.9,32.8,32.7,79.0,8187735,20.4,50.6,97.3,94.1,47.0,13.76,65.4,45.3,50.6,2026-08-27,World Population Dataset 2024 (Comprehensive),2.0
Greece,Europe,Southern Europe,Upper Middle Income,Large,10318294,10134636,10364726,10600041,11086819,11595951,0.45,309771.53,33.31,15.6,79.3,5.2,97.7,4966206,5352088,97.9,2.1,10106323,211971,6.13,77.6,34.6,77,71.6,8.2,4.5,1.7,4.4,9686,99.94,26.4,10.9,36.2,38.6,59.3,66.6,91.3,21.0,60.0,6190976,25.1,145.0,36.6,30.7,86.2,15.62,67.0,8.0,79.8,2026-08-27,World Population Dataset 2024 (Comprehensive),2.0
Jordan,Asia,West Asia,Very High Income,Large,10170000,9188392,10431369,11842492,15263237,19672076,2.57,1605530.79,6.33,20.4,50.0,29.6,106.9,5256201,4913799,46.6,53.4,4741429,5428571,6.51,57.5,78.8,323,7.9,13.7,5.3,2.7,6.8,160325,1630.51,20.8,11.1,55.8,45.4,41.8,73.3,98.0,24.9,70.4,7159680,74.9,92.7,65.5,35.9,54.2,12.15,39.9,35.0,29.7,2026-08-27,World Population Dataset 2024 (Comprehensive),2.0
Azerbaijan,Asia,West Asia,Very High Income,Large,10076522,9912947,10117836,10326959,10758262,11207579,0.41,1210207.49,8.33,23.8,70.7,5.5,102.7,5157784,4918738,80.4,19.6,8103004,1973518,4.52,63.6,51.5,603,42.1,11.2,11.6,1.4,9.2,150739,1518.92,9.0,2.8,21.2,61.4,69.0,54.1,80.5,43.2,78.8,7940299,53.1,28.2,54.6,84.0,27.2,10.24,64.4,79.0,22.4,2026-08-27,World Population Dataset 2024 (Comprehensive),2.0
Portugal,Europe,Southern Europe,Very High Income,Large,10048919,9397371,10218746,11111913,13139272,15536521,1.69,11611115.31,0.87,17.3,57.2,25.5,92.7,5071348,4977571,88.4,11.6,8880010,1168909,3.77,85.4,54.1,848,10.1,8.8,10.7,3.5,1.6,186430,1873.42,24.3,8.0,55.8,49.6,91.6,50.7,42.4,41.1,62.9,6320770,35.4,66.8,89.4,86.5,67.7,0.94,58.5,14.8,56.8,2026-08-27,World Population Dataset 2024 (Comprehensive),2.0
Hungary,Europe,Eastern Europe,High Income,Medium,9981095,9921432,9996067,10071262,10223355,10377745,0.15,13845964.3,0.72,16.9,64.6,18.6,104.5,5064633,4916462,46.4,53.6,4628496,5352599,3.21,82.4,14.7,14,80.9,4.7,11.2,2.0,2.6,37576,375.05,27.4,13.4,58.9,26.4,97.1,71.3,70.6,10.7,60.7,6058525,87.1,38.7,51.2,33.7,84.6,15.9,44.0,8.5,56.9,2026-08-27,World Population Dataset 2024 (Comprehensive),2.0
Belarus,Europe,Eastern Europe,Very High Income,Medium,9774745,9539835,9834371,10138001,10773674,11449204,0.61,2008802.51,4.87,16.5,80.0,3.5,105.0,4770281,5004464,70.1,29.9,6850474,2924271,3.02,63.6,45.7,822,42.3,2.5,6.1,1.6,7.3,189017,1847.59,20.9,5.6,48.5,42.5,92.0,58.7,77.1,38.7,61.7,6031018,77.4,62.2,45.6,89.2,37.9,13.57,25.5,23.6,53.7,2026-08-27,World Population Dataset 2024 (Comprehensive),2.0
Austria,Europe,Western Europe,Very High Income,Medium,9693912,10091560,9596973,9126626,8253957,7464730,-1.0,11844531.96,0.82,16.8,71.9,11.4,93.2,4843697,4850215,82.7,17.3,8017460,1676452,1.13,66.6,43.1,553,90.9,14.7,4.6,2.5,10.2,135285,1311.44,3.5,2.0,43.2,58.6,95.4,64.8,63.7,18.9,84.4,8181662,18.7,16.0,89.4,85.9,94.7,8.58,46.1,34.5,33.6,2026-08-27,World Population Dataset 2024 (Comprehensive),2.0
Tajikistan,Asia,Central Asia,Very High Income,Medium,9556210,9289563,9624059,9970599,10701563,11486116,0.71,4791531.53,1.99,17.7,69.1,13.2,98.1,4751465,4804745,39.4,60.6,3768299,5787911,1.62,86.9,3.0,574,93.1,2.0,1.4,1.8,1.2,180781,1727.58,2.3,4.0,39.3,47.0,45.4,77.4,95.5,16.2,84.5,8074997,43.6,88.3,96.1,84.8,56.8,0.46,27.3,78.1,23.2,2026-08-27,World Population Dataset 2024 (Comprehensive),2.0
Papua New Guinea,Oceania,Oceania,Very High Income,Medium,9165737,8588331,9316055,10105442,11890549,13990990,1.64,10692028.58,0.86,21.1,54.4,24.5,97.7,4423095,4742642,78.6,21.4,7204788,1960949,0.86,76.7,58.1,787,34.2,5.2,4.9,1.7,0.7,186421,1708.69,17.4,3.7,36.0,31.4,94.1,83.2,86.7,23.4,74.0,6782645,5.8,64.9,90.5,65.6,47.6,8.1,80.4,52.3,24.8,2026-08-27,World Population Dataset 2024 (Comprehensive),2.0
Serbia,Europe,Southern Europe,Very High Income,Medium,9078626,8523467,9222976,9979893,11685182,13681858,1.59,14917024.29,0.61,17.9,80.0,2.1,101.7,4569081,4509545,81.8,18.2,7426609,1652017,1.55,82.8,71.4,653,49.2,10.6,14.8,1.0,1.1,108299,983.21,10.1,8.0,4.1,26.0,74.5,98.3,96.5,31.0,51.2,4648257,6.9,102.5,48.0,46.3,32.9,0.23,37.2,3.0,31.9,2026-08-27,World Population Dataset 2024 (Comprehensive),2.0
Sierra Leone,Africa,West Africa,High Income,Medium,8904920,8704748,8955678,9213841,9752708,10323090,0.57,3016472.66,2.95,18.3,54.0,27.8,107.9,4436510,4468410,59.0,41.0,5254261,3650659,3.42,75.7,68.9,483,61.5,11.5,6.0,2.3,4.5,14071,125.3,11.4,6.2,23.0,54.0,67.2,78.2,87.0,48.5,44.4,3953784,5.7,174.1,82.6,40.9,39.0,12.22,89.3,5.9,27.2,2026-08-27,World Population Dataset 2024 (Comprehensive),2.0
Hong Kong,Asia,East Asia,Very High Income,Medium,8772278,8534283,8832807,9141773,9792506,10489559,0.69,12760450.9,0.69,24.6,63.7,11.7,103.1,4214771,4557507,10.5,89.5,922693,7849585,2.66,50.1,65.9,132,37.7,9.8,12.1,2.9,7.4,118321,1037.94,22.5,3.9,56.6,29.5,77.4,75.0,49.6,56.9,71.8,6298496,45.2,74.1,55.4,45.8,95.1,12.68,70.5,13.8,41.4,2026-08-27,World Population Dataset 2024 (Comprehensive),2.0
Israel,Asia,West Asia,High Income,Medium,8429094,8033174,8531086,9059859,10217760,11523647,1.21,12496207.88,0.67,13.5,75.1,11.3,106.2,4136660,4292434,49.2,50.8,4147325,4281769,6.77,71.9,8.2,113,24.9,12.9,9.8,1.6,7.1,49461,416.91,10.6,9.3,27.8,43.0,74.1,52.5,31.5,57.8,64.2,5411478,60.7,103.8,26.7,89.2,65.1,14.77,68.7,65.0,22.5,2026-08-27,World Population Dataset 2024 (Comprehensive),2.0
Switzerland,Europe,Western Europe,Very High Income,Medium,8381414,8102400,8452656,8818053,9596917,10444575,0.85,13659175.91,0.61,14.8,72.0,13.1,97.7,4290466,4090948,83.6,16.4,7007288,1374126,4.16,64.5,59.1,813,65.1,9.2,10.9,4.9,9.9,83142,696.85,11.9,4.1,40.8,34.5,58.2,94.5,98.8,5.9,84.6,7090676,48.3,70.6,78.0,80.9,95.5,6.54,13.2,43.4,73.1,2026-08-27,World Population Dataset 2024 (Comprehensive),2.0
Togo,Africa,West Africa,Very High Income,Medium,8326903,8640513,8250295,7877701,7182233,6548163,-0.92,4794588.09,1.74,28.4,54.5,17.0,103.3,4100288,4226615,20.8,79.2,1733563,6593340,6.78,65.3,16.6,64,98.0,4.0,14.7,2.1,4.3,112858,939.76,19.4,1.3,41.0,27.0,82.7,78.8,36.0,47.2,78.6,6544946,54.2,86.0,44.9,98.7,20.3,9.78,45.5,23.0,37.8,2026-08-27,World Population Dataset 2024 (Comprehensive),2.0
Laos,Asia,Southeast Asia,Very High Income,Medium,7975765,7975765,7975765,7975765,7975765,7975765,-0.0,13716190.66,0.58,30.1,58.1,11.7,96.2,3851480,4124285,39.2,60.8,3127515,4848250,3.89,72.9,44.2,15,65.8,11.5,6.8,4.9,3.7,186428,1486.91,13.3,3.7,10.9,49.3,60.0,53.5,39.3,65.6,55.6,4434525,73.2,53.9,58.8,44.8,33.7,17.21,22.9,71.7,32.4,2026-08-27,World Population Dataset 2024 (Comprehensive),2.0
Paraguay,South America,South America,High Income,Medium,7083761,6818150,7151765,7501704,8253789,9081274,0.96,16838587.42,0.42,27.3,50.0,22.7,92.4,3511419,3572342,43.0,57.0,3044709,4039052,3.47,63.2,57.4,383,14.9,12.0,13.1,1.3,0.8,36282,257.01,3.9,14.4,30.5,36.2,81.2,54.5,60.8,6.3,40.3,2854756,47.1,51.4,82.2,85.5,29.1,9.61,47.6,55.2,62.1,2026-08-27,World Population Dataset 2024 (Comprehensive),2.0
Bulgaria,Europe,Eastern Europe,Very High Income,Medium,6913602,6434912,7038738,7699225,9211946,11021882,1.81,7014500.8,0.99,11.6,73.8,14.7,107.7,3451253,3462349,45.7,54.3,3156442,3757160,1.37,79.4,26.5,269,89.2,14.7,3.1,3.4,9.0,150635,1041.43,23.9,9.4,41.8,31.9,87.7,80.0,75.1,15.0,58.2,4023716,74.6,87.8,50.6,43.1,65.6,7.25,24.9,20.7,78.0,2026-08-27,World Population Dataset 2024 (Comprehensive),2.0
Libya,Africa,North Africa,Very High Income,Medium,6436495,5495599,6695886,8158325,12111195,17979309,4.03,6324307.77,1.02,41.7,50.0,8.3,92.4,3243999,3192496,72.6,27.4,4672384,1764111,4.74,53.4,38.8,440,51.8,9.5,14.2,3.6,7.7,172519,1110.42,10.0,8.6,42.1,40.2,40.3,67.0,56.7,62.6,50.6,3256866,27.1,139.1,55.5,34.7,88.9,17.17,39.8,6.2,40.7,2026-08-27,World Population Dataset 2024 (Comprehensive),2.0
Turkmenistan,Asia,Central Asia,Very High Income,Medium,6363760,6076850,6437580,6819723,7653409,8589010,1.16,7292898.75,0.87,12.4,73.8,13.7,110.0,3064690,3299070,30.5,69.5,1938036,4425724,1.09,71.5,66.6,312,69.2,3.6,9.3,3.0,4.6,143937,915.98,12.5,10.7,36.4,55.9,56.5,64.7,45.1,65.6,53.9,3430067,64.7,141.9,48.9,88.9,99.4,6.58,55.4,18.1,45.9,2026-08-27,World Population Dataset 2024 (Comprehensive),2.0
Kyrgyzstan,Asia,Central Asia,Very High Income,Medium,6347934,6078545,6417126,6774568,7550289,8414833,1.09,15822874.57,0.4,43.1,50.0,6.9,108.9,3265408,3082526,31.4,68.6,1991916,4356018,4.8,73.8,29.9,115,63.6,2.9,11.5,3.4,8.3,99173,629.54,11.3,8.3,10.2,55.0,89.1,57.2,93.2,48.1,77.2,4900605,25.0,13.6,62.1,88.5,74.3,2.36,24.4,33.0,21.0,2026-08-27,World Population Dataset 2024 (Comprehensive),2.0
Lebanon,Asia,West Asia,Very High Income,Medium,6260700,5908040,6352106,6829549,7894791,9126184,1.46,13199020.44,0.47,35.1,50.2,14.7,107.7,3078176,3182524,45.0,55.0,2815451,3445249,2.06,71.8,66.1,522,46.6,6.4,3.7,3.1,7.2,179315,1122.64,14.1,6.5,39.3,57.1,88.3,95.9,33.8,34.8,76.8,4808218,82.2,45.0,50.1,99.9,58.2,11.59,71.3,55.6,70.3,2026-08-27,World Population Dataset 2024 (Comprehensive),2.0
El Salvador,North America,Central America,Very High Income,Medium,6153958,6585474,6050572,5559116,4692718,3961349,-1.68,14593016.85,0.42,34.0,50.0,16.0,106.4,3145867,3008091,43.6,56.4,2682674,3471284,1.66,52.4,40.5,505,10.0,13.7,6.2,0.4,2.9,185693,1142.75,3.6,10.6,38.5,30.0,60.2,85.7,56.8,49.1,40.0,2461583,27.5,81.2,84.7,55.6,25.9,15.18,83.4,29.7,58.3,2026-08-27,World Population Dataset 2024 (Comprehensive),2.0
Nicaragua,North America,Central America,Very High Income,Medium,5690491,5342517,5780970,6255406,7324283,8575801,1.59,5793660.51,0.98,14.1,80.0,5.9,101.5,2889627,2800864,50.4,49.6,2867007,2823484,4.6,67.8,37.8,44,59.8,10.4,5.2,0.5,9.0,182434,1038.14,21.2,6.7,17.2,40.7,67.8,70.3,72.0,41.7,55.2,3141151,60.9,130.6,49.4,31.7,99.6,5.44,70.6,46.2,49.6,2026-08-27,World Population Dataset 2024 (Comprehensive),2.0
Singapore,Asia,Southeast Asia,High Income,Medium,5599899,5320028,5672138,6047552,6874567,7814677,1.29,12764808.28,0.44,21.1,51.3,27.6,98.3,2795583,2804316,16.6,83.4,928891,4671008,5.62,70.8,28.1,658,26.5,6.3,6.9,3.7,2.0,30885,172.95,28.4,3.0,11.6,34.5,94.1,76.3,61.0,69.8,50.9,2850349,83.8,67.6,61.9,68.8,52.6,11.92,37.3,53.9,55.5,2026-08-27,World Population Dataset 2024 (Comprehensive),2.0
Denmark,Europe,Northern Europe,Very High Income,Medium,5472105,4536379,5734766,7249735,11586038,18516026,4.8,12827228.98,0.43,37.9,50.0,12.1,105.8,2649578,2822527,64.3,35.7,3519131,1952974,3.6,70.7,15.6,589,72.3,12.6,11.3,1.1,2.0,90716,496.41,20.0,7.8,42.6,52.1,47.6,84.9,33.4,51.8,50.5,2763413,44.5,105.8,73.7,93.1,43.0,8.53,47.7,77.7,72.3,2026-08-27,World Population Dataset 2024 (Comprehensive),2.0
Oman,Asia,West Asia,High Income,Medium,5238478,4670623,5390918,6222295,8289463,11043384,2.91,5440843.56,0.96,29.4,63.6,7.0,109.7,2643997,2594481,87.7,12.3,4594147,644331,6.9,80.5,13.1,251,16.9,6.4,2.9,1.2,2.6,31080,162.81,23.0,2.2,2.1,25.8,70.1,97.3,86.0,63.3,58.8,3080225,51.4,43.7,66.2,76.9,56.0,9.88,20.0,21.1,52.2,2026-08-27,World Population Dataset 2024 (Comprehensive),2.0
Slovakia,Europe,Eastern Europe,High Income,Medium,5169905,4842315,5255208,5703308,6717392,7911786,1.65,15343399.46,0.34,17.4,62.9,19.7,100.6,2685592,2484313,65.8,34.2,3399426,1770479,6.97,75.0,66.4,625,81.0,7.1,1.3,0.2,10.4,47145,243.74,19.7,13.1,40.4,62.2,63.9,89.6,87.8,62.2,48.4,2502234,87.4,136.1,42.2,30.6,44.3,10.87,52.6,48.2,73.1,2026-08-27,World Population Dataset 2024 (Comprehensive),2.0
Finland,Europe,Northern Europe,Very High Income,Medium,5158824,4975238,5205769,5446982,5963456,6528901,0.91,1753106.22,2.94,31.7,50.0,18.3,99.2,2526182,2632642,70.1,29.9,3618355,1540469,1.07,72.3,57.5,762,82.8,9.8,3.8,4.2,8.3,136539,704.38,20.8,6.5,27.9,47.6,89.1,95.0,87.4,23.7,43.1,2223453,29.5,44.8,41.6,94.8,64.6,3.66,56.4,14.9,40.8,2026-08-27,World Population Dataset 2024 (Comprehensive),2.0
Congo,Africa,Central Africa,Very High Income,Medium,5041540,4816146,5099518,5399562,6053651,6786976,1.15,8589290.58,0.59,18.4,79.3,2.4,103.3,2448675,2592865,51.7,48.3,2607205,2434335,1.06,79.8,9.8,390,56.6,8.2,4.8,4.2,11.6,121789,614.0,7.6,9.7,50.4,40.5,66.0,83.8,71.2,8.2,65.0,3277001,68.6,18.9,94.7,35.3,26.9,1.19,46.3,34.5,62.5,2026-08-27,World Population Dataset 2024 (Comprehensive),2.0
Norway,Europe,Northern Europe,Very High Income,Medium,5023869,5135931,4996238,4860344,4599545,4352741,-0.55,14049777.01,0.36,24.8,54.6,20.6,107.7,2511711,2512158,44.2,55.8,2219582,2804287,5.08,60.0,20.7,607,53.5,13.1,7.4,2.4,7.7,126721,636.63,13.7,8.2,11.0,27.6,51.6,84.0,54.7,20.0,53.1,2667674,47.6,154.9,77.9,47.5,20.1,7.5,47.9,36.3,44.2,2026-08-27,World Population Dataset 2024 (Comprehensive),2.0
Palestine,Asia,West Asia,Very High Income,Medium,5009210,4568329,5125925,5751579,7241305,9116887,2.33,15223894.94,0.33,21.1,50.0,28.9,105.8,2545173,2464037,56.7,43.3,2841092,2168118,2.21,68.4,29.1,279,78.2,13.3,5.6,0.8,1.7,107453,538.25,4.8,9.3,47.0,58.1,52.8,64.8,68.8,21.7,57.0,2855250,24.4,158.6,71.8,92.2,86.9,7.91,74.1,66.2,32.8,2026-08-27,World Population Dataset 2024 (Comprehensive),2.0
Costa Rica,North America,Central America,Very High Income,Medium,4646433,4227557,4757483,5353834,6780167,8586493,2.39,6616428.84,0.7,24.8,69.1,6.2,99.5,2334303,2312130,53.1,46.9,2468481,2177952,1.6,52.9,37.1,711,29.3,3.1,6.3,4.8,9.8,146655,681.42,9.8,2.2,37.0,46.0,32.7,50.1,87.8,19.3,79.4,3689268,64.5,69.9,22.3,62.2,65.8,13.5,51.0,39.3,78.9,2026-08-27,World Population Dataset 2024 (Comprehensive),2.0
Liberia,Africa,West Africa,Very High Income,Medium,4623406,4653115,4616009,4579198,4506457,4434870,-0.16,184240.57,25.09,28.5,57.9,13.6,99.6,2221042,2402364,12.3,87.7,569039,4054367,1.46,52.2,60.4,405,51.2,12.1,1.3,0.5,7.2,94890,438.71,9.7,5.4,42.3,56.0,49.0,63.6,74.2,14.0,80.7,3731089,39.1,132.9,69.4,72.5,99.9,14.92,16.1,43.9,56.7,2026-08-27,World Population Dataset 2024 (Comprehensive),2.0
Ireland,Europe,Northern Europe,Lower Middle Income,Medium,4485434,3939156,4633453,5450124,7540664,10433087,3.3,15391493.65,0.29,39.9,55.7,4.4,105.3,2211581,2273853,40.7,59.3,1826124,2659310,2.61,62.4,52.8,720,30.6,13.0,9.0,1.1,7.6,2497,11.2,14.1,2.6,50.5,34.4,30.4,60.9,84.9,60.8,62.2,2789940,99.6,64.3,60.8,43.2,42.9,13.91,70.1,25.1,13.1,2026-08-27,World Population Dataset 2024 (Comprehensive),2.0
Central African Republic,Africa,Central Africa,Lower Middle Income,Medium,4350118,4510310,4310967,4120434,3764259,3438872,-0.9,1551873.96,2.8,11.5,58.6,29.9,96.3,2178141,2171977,44.2,55.8,1923518,2426600,1.34,79.0,50.4,741,16.0,4.4,13.3,1.8,9.5,1916,8.33,29.5,10.5,48.4,38.8,98.5,83.1,71.9,37.5,54.9,2388215,50.6,164.0,63.7,86.3,42.4,0.79,84.3,15.4,32.9,2026-08-27,World Population Dataset 2024 (Comprehensive),2.0
Mauritania,Africa,West Africa,Very High Income,Medium,4304670,3964398,4394207,4870615,5983984,7351857,2.08,5428332.18,0.79,20.1,63.8,16.1,94.0,2081371,2223299,45.9,54.1,1975587,2329083,5.06,76.2,29.5,773,64.1,7.6,2.7,3.1,8.6,67964,292.56,3.9,3.5,57.7,26.2,97.6,81.7,59.0,48.9,44.8,1928492,51.2,31.5,48.8,97.7,32.8,3.57,85.5,7.8,53.6,2026-08-27,World Population Dataset 2024 (Comprehensive),2.0
New Zealand,Oceania,Oceania,Very High Income,Medium,4135861,3469501,4321561,5382875,8351445,12957132,4.49,16151053.46,0.26,31.3,50.0,18.7,98.4,2043219,2092642,62.2,37.8,2573147,1562714,1.09,79.2,67.6,825,8.3,4.2,9.2,2.8,10.1,175992,727.88,16.5,6.2,32.6,63.5,57.7,79.7,97.1,20.5,82.9,3428629,58.8,40.3,26.5,48.8,33.1,9.71,36.4,57.4,13.9,2026-08-27,World Population Dataset 2024 (Comprehensive),2.0
Panama,North America,Central America,High Income,Medium,3994967,4041647,3983382,3925957,3813578,3704417,-0.29,16160321.52,0.25,45.8,50.3,3.9,97.2,1922890,2072077,58.0,42.0,2318049,1676918,3.91,69.1,38.8,391,75.6,11.2,10.1,0.7,1.1,43603,174.19,7.0,13.5,29.8,51.7,81.0,50.8,67.9,54.3,42.7,1705851,92.1,93.8,35.5,64.6,42.8,16.83,16.5,16.5,11.7,2026-08-27,World Population Dataset 2024 (Comprehensive),2.0
Kuwait,Asia,West Asia,Very High Income,Medium,3773649,3721277,3786857,3853592,3990612,4132504,0.35,9748444.31,0.39,27.0,50.0,23.0,97.3,1823213,1950436,64.7,35.3,2441983,1331666,6.98,66.3,78.4,290,33.8,9.0,6.6,1.5,9.1,120602,455.11,29.2,3.5,24.7,62.3,54.2,86.4,72.4,54.4,53.4,2015129,81.1,23.9,96.1,36.0,83.4,15.05,49.1,55.5,41.5,2026-08-27,World Population Dataset 2024 (Comprehensive),2.0
Croatia,Europe,Southern Europe,High Income,Medium,3661840,3470598,3711275,3968642,4538156,5189398,1.35,10741232.79,0.34,31.3,60.8,7.9,96.2,1815822,1846018,78.8,21.2,2886976,774864,5.83,55.5,51.5,526,3.0,10.3,10.7,1.3,10.3,42350,155.08,5.2,7.9,10.1,35.6,77.0,66.2,45.4,25.3,53.4,1955423,47.9,43.3,52.7,69.1,92.5,15.18,14.6,31.8,33.3,2026-08-27,World Population Dataset 2024 (Comprehensive),2.0
Moldova,Europe,Eastern Europe,Very High Income,Medium,3651763,3588193,3667831,3749236,3917508,4093331,0.44,7623574.15,0.48,14.3,58.6,27.1,92.8,1772232,1879531,83.2,16.8,3037124,614639,4.58,62.1,11.8,337,52.6,4.6,6.5,1.1,3.8,61253,223.68,13.3,6.6,34.8,49.5,86.4,83.3,73.8,31.7,54.4,1986559,73.3,170.4,57.3,65.2,98.0,5.53,84.4,33.8,40.7,2026-08-27,World Population Dataset 2024 (Comprehensive),2.0
Georgia,Asia,West Asia,Very High Income,Medium,3451375,3611886,3412374,3223884,2877562,2568444,-1.13,4984583.47,0.69,27.9,64.4,7.7,92.3,1735012,1716363,74.6,25.4,2575798,875577,2.63,66.1,54.7,543,7.5,4.8,7.8,2.1,7.9,161158,556.22,22.7,0.8,17.3,52.1,96.3,77.8,70.0,18.6,47.4,1635952,60.7,176.0,24.2,40.1,38.6,7.79,20.6,38.1,28.4,2026-08-27,World Population Dataset 2024 (Comprehensive),2.0
Eritrea,Africa,East Africa,Very High Income,Medium,3384284,3213875,3428280,3656987,4161194,4734917,1.3,5587297.61,0.61,31.3,61.4,7.3,109.8,1717790,1666494,96.0,4.0,3248816,135468,4.63,53.3,27.4,636,29.8,2.5,0.6,3.5,4.1,138538,468.85,21.7,12.0,55.4,37.7,58.0,67.1,42.9,68.5,75.2,2544982,51.8,74.0,23.0,60.9,90.5,8.53,26.5,30.0,21.5,2026-08-27,World Population Dataset 2024 (Comprehensive),2.0
Uruguay,South America,South America,High Income,Medium,3304810,3356872,3291921,3228228,3104513,2985540,-0.39,11432813.92,0.29,19.7,77.3,3.0,99.7,1692140,1612670,11.6,88.4,384711,2920099,4.02,58.2,55.5,621,71.6,6.2,10.5,1.2,11.5,18307,60.5,13.8,1.5,35.4,58.9,84.8,56.7,34.2,47.0,45.5,1503689,23.3,167.0,77.4,53.4,46.3,2.92,39.6,8.9,58.2,2026-08-27,World Population Dataset 2024 (Comprehensive),2.0
Mongolia,Asia,East Asia,Very High Income,Medium,3277244,3038376,3339839,3671213,4435858,5359763,1.91,12790367.12,0.26,20.8,64.0,15.2,98.9,1599315,1677929,27.6,72.4,905175,2372069,3.38,72.1,7.4,340,9.1,9.3,10.1,1.9,0.9,81568,267.32,11.7,7.4,36.0,62.9,48.6,54.7,72.3,65.7,68.6,2248189,49.1,102.6,63.0,66.5,29.0,0.66,37.6,25.5,46.0,2026-08-27,World Population Dataset 2024 (Comprehensive),2.0
Bosnia and Herzegovina,Europe,Southern Europe,Upper Middle Income,Medium,3259404,3282978,3253537,3224360,3166790,3110247,-0.18,13456843.85,0.24,25.1,57.1,17.8,104.2,1586350,1673054,10.7,89.3,348126,2911278,1.52,77.2,15.6,154,84.4,13.2,1.1,2.0,7.2,5736,18.7,13.1,8.6,21.9,60.4,99.3,91.6,83.5,24.7,45.6,1486288,28.4,55.9,60.7,71.0,89.6,17.05,72.5,53.4,24.0,2026-08-27,World Population Dataset 2024 (Comprehensive),2.0
Qatar,Asia,West Asia,Very High Income,Medium,2994564,2607573,3099973,3685354,5208610,7361468,3.52,13423508.53,0.22,16.2,80.0,3.8,95.9,1449916,1544648,68.3,31.7,2044470,950094,6.29,86.9,68.7,390,3.4,10.7,5.8,4.9,2.4,91473,273.92,9.4,9.6,4.1,54.6,31.8,95.9,66.6,55.8,43.2,1293652,91.9,129.4,39.4,30.6,70.9,4.41,43.8,53.6,32.4,2026-08-27,World Population Dataset 2024 (Comprehensive),2.0
Armenia,Asia,West Asia,Very High Income,Medium,2875025,2871578,2875888,2880204,2888856,2897534,0.03,1550504.21,1.85,22.9,53.4,23.7,109.1,1453202,1421823,90.8,9.2,2611177,263848,3.53,84.5,19.7,133,26.9,7.7,14.7,4.8,8.7,125930,362.05,7.7,10.5,2.9,36.1,72.2,82.5,45.9,54.8,80.9,2325895,36.9,122.0,79.6,83.3,33.2,4.4,19.5,23.6,51.4,2026-08-27,World Population Dataset 2024 (Comprehensive),2.0
Jamaica,North America,Caribbean,High Income,Medium,2758674,2680634,2778536,2880015,3094225,3324367,0.72,8405145.43,0.33,18.5,66.8,14.7,106.2,1402121,1356553,31.9,68.1,880387,1878287,1.93,73.8,67.3,802,74.9,14.4,6.6,4.0,2.5,22692,62.6,15.5,4.2,26.0,36.3,76.2,55.2,76.7,50.0,48.6,1340716,95.5,178.2,33.5,79.9,54.4,1.59,27.7,37.3,15.1,2026-08-27,World Population Dataset 2024 (Comprehensive),2.0
Lithuania,Europe,Northern Europe,Very High Income,Medium,2650836,2409039,2714986,3059789,3886326,4936134,2.42,978499.39,2.71,23.1,60.2,16.7,93.6,1275750,1375086,93.4,6.6,2476758,174078,3.02,65.6,23.8,315,33.7,11.4,7.8,1.3,3.2,55030,145.88,9.5,0.6,6.0,63.5,78.2,70.1,35.6,67.8,77.0,2041144,55.6,55.1,35.2,55.6,43.0,16.72,48.3,16.3,20.3,2026-08-27,World Population Dataset 2024 (Comprehensive),2.0
Gambia,Africa,West Africa,Very High Income,Medium,2560908,2628588,2544262,2462642,2307172,2161517,-0.65,9341991.22,0.27,14.8,70.9,14.3,99.5,1325138,1235770,15.4,84.6,394996,2165912,3.31,73.5,52.1,143,12.9,14.1,13.7,0.4,6.2,75709,193.88,10.0,11.0,36.8,25.4,38.4,86.4,60.9,30.6,64.5,1651786,65.0,124.3,56.9,33.7,78.9,10.48,17.5,17.6,15.1,2026-08-27,World Population Dataset 2024 (Comprehensive),2.0
Botswana,Africa,Southern Africa,Very High Income,Medium,2415777,2272523,2452980,2647767,3084973,3594372,1.54,7506018.8,0.32,36.8,50.0,13.2,107.8,1164595,1251182,94.1,5.9,2273228,142549,5.91,79.1,56.1,28,37.9,8.9,10.9,1.7,11.0,174727,422.1,20.4,8.3,53.0,53.6,95.7,89.0,41.4,13.5,43.5,1050863,56.6,18.8,42.9,82.8,56.3,12.04,57.0,2.8,66.9,2026-08-27,World Population Dataset 2024 (Comprehensive),2.0
Namibia,Africa,Southern Africa,Very High Income,Medium,2312942,2042299,2386031,2787615,3804925,5193491,3.16,15090971.16,0.15,32.3,50.0,17.7,109.0,1160292,1152650,41.6,58.4,963249,1349693,5.32,54.4,42.0,583,29.2,5.4,8.9,1.4,2.9,188720,436.5,29.1,12.6,53.1,53.2,42.7,55.9,42.9,48.7,83.0,1919742,17.3,29.3,39.8,96.9,99.1,16.42,53.1,71.8,62.7,2026-08-27,World Population Dataset 2024 (Comprehensive),2.0
Gabon,Africa,Central Africa,Upper Middle Income,Medium,2281081,2394908,2253480,2120404,1877364,1662181,-1.21,5965555.54,0.38,37.2,56.5,6.3,100.4,1159616,1121465,19.1,80.9,436322,1844759,5.55,65.2,25.8,575,84.7,2.7,12.1,2.6,2.2,8724,19.9,18.9,12.4,39.9,49.9,73.6,50.0,44.2,52.4,51.1,1165632,40.7,10.7,71.6,46.8,24.4,6.29,65.7,17.6,62.7,2026-08-27,World Population Dataset 2024 (Comprehensive),2.0
Lesotho,Africa,Southern Africa,Very High Income,Medium,2194199,2068970,2226673,2396397,2775641,3214903,1.48,1990139.72,1.1,41.6,51.3,7.1,103.0,1129659,1064540,53.7,46.3,1178909,1015290,0.77,81.1,18.6,310,33.4,11.4,13.0,3.9,9.2,144639,317.37,4.2,12.7,13.5,64.6,45.6,85.6,57.1,42.4,78.7,1726835,14.4,179.9,72.1,52.6,48.4,11.22,84.7,19.0,60.1,2026-08-27,World Population Dataset 2024 (Comprehensive),2.0
North Macedonia,Europe,Southern Europe,Very High Income,Medium,2019300,1895820,2051407,2219763,2599059,3043167,1.59,2430859.02,0.83,23.9,50.0,26.1,95.0,1026942,992358,33.1,66.9,668588,1350712,3.32,64.2,4.6,69,79.5,3.6,7.1,4.3,6.3,70753,142.87,4.1,7.5,51.9,37.5,51.5,67.8,33.6,18.4,47.6,961187,64.2,146.4,86.0,42.9,58.6,0.79,82.5,23.1,56.9,2026-08-27,World Population Dataset 2024 (Comprehensive),2.0
Slovenia,Europe,Southern Europe,Very High Income,Medium,1921593,1749728,1967135,2211554,2795276,3533066,2.37,12945680.86,0.15,13.5,58.0,28.5,109.8,983988,937605,35.6,64.4,684828,1236765,3.73,71.2,25.7,372,89.5,5.9,7.4,4.2,11.0,74689,143.52,28.6,5.3,53.3,38.6,68.3,62.7,57.8,37.8,78.4,1506529,47.5,143.7,53.4,70.4,60.3,3.44,85.4,11.1,43.4,2026-08-27,World Population Dataset 2024 (Comprehensive),2.0
Guinea-Bissau,Africa,West Africa,Very High Income,Medium,1732651,1779158,1721216,1665160,1558467,1458610,-0.66,10509707.27,0.16,31.5,56.1,12.5,96.2,855198,877453,37.7,62.3,652449,1080202,0.82,71.7,52.9,284,45.1,8.9,6.1,1.9,2.2,143359,248.39,10.3,12.0,12.6,28.2,59.2,50.6,65.8,25.3,40.6,703456,78.9,96.7,25.8,40.8,45.3,14.98,25.8,51.5,55.0,2026-08-27,World Population Dataset 2024 (Comprehensive),2.0
Latvia,Europe,Northern Europe,Very High Income,Medium,1674499,1727778,1661438,1597645,1477313,1366044,-0.78,1719085.94,0.97,33.5,56.9,9.6,109.0,858336,816163,82.3,17.7,1377649,296850,2.34,56.8,75.2,611,91.3,9.3,14.5,3.5,7.9,174517,292.23,4.6,7.0,44.5,42.7,41.2,77.0,63.8,32.8,63.0,1054934,25.9,61.0,41.9,54.9,78.3,13.83,16.2,6.9,12.7,2026-08-27,World Population Dataset 2024 (Comprehensive),2.0
Bahrain,Asia,West Asia,Very High Income,Medium,1605670,1484555,1637462,1806119,2197336,2673293,1.98,1429816.16,1.12,30.0,50.0,20.0,103.7,775867,829803,58.5,41.5,939711,665959,5.49,63.4,70.0,547,39.6,9.8,10.6,1.6,3.2,180686,290.12,18.8,3.2,17.9,35.4,42.0,92.6,56.8,46.9,74.6,1197830,20.6,35.7,98.4,78.8,90.0,6.38,30.7,11.6,53.5,2026-08-27,World Population Dataset 2024 (Comprehensive),2.0
Equatorial Guinea,Africa,Central Africa,Very High Income,Medium,1578862,1478818,1604913,1741761,2051456,2416218,1.65,11916475.38,0.13,27.3,59.3,13.4,102.9,814365,764497,38.0,62.0,600247,978615,1.56,62.4,61.8,331,96.5,4.2,1.7,0.4,2.3,109738,173.26,19.5,12.9,48.4,38.7,59.3,97.9,88.7,53.4,82.1,1296246,43.6,58.4,67.7,69.2,95.1,6.84,81.1,51.9,64.5,2026-08-27,World Population Dataset 2024 (Comprehensive),2.0
Trinidad and Tobago,North America,Caribbean,Very High Income,Medium,1531174,1438109,1555367,1682185,1967686,2301643,1.58,1236971.57,1.24,17.3,80.0,2.7,101.2,768502,762672,64.9,35.1,994192,536982,4.07,51.0,63.5,200,11.7,6.9,13.0,3.5,8.4,67982,104.09,20.2,13.3,59.8,58.4,83.0,78.3,40.2,20.1,80.9,1238720,93.0,73.9,76.8,57.1,84.4,9.65,87.6,27.8,45.0,2026-08-27,World Population Dataset 2024 (Comprehensive),2.0
Estonia,Europe,Northern Europe,Very High Income,Medium,1448678,1353152,1473595,1604760,1903152,2257028,1.72,13971621.1,0.1,21.4,72.3,6.4,96.2,742725,705953,74.5,25.5,1078592,370086,2.06,50.9,53.9,889,69.6,10.0,7.5,0.1,7.3,149677,216.83,9.5,7.3,2.8,62.4,92.9,75.7,65.4,31.3,76.9,1114033,72.5,138.6,20.6,59.4,88.0,0.1,78.0,56.9,35.0,2026-08-27,World Population Dataset 2024 (Comprehensive),2.0
Timor-Leste,Asia,Southeast Asia,High Income,Medium,1306600,1297235,1308952,1320775,1344742,1369145,0.18,12006118.01,0.11,24.5,53.4,22.0,95.2,650808,655792,34.5,65.5,451249,855351,0.78,80.8,22.3,411,50.9,14.6,1.5,2.1,9.2,47840,62.51,2.4,1.6,53.9,32.4,35.9,54.3,34.3,22.5,80.0,1045280,44.8,101.7,61.5,69.3,64.0,4.42,14.4,45.0,29.4,2026-08-27,World Population Dataset 2024 (Comprehensive),2.0
Mauritius,Africa,East Africa,Very High Income,Medium,1281767,1205284,1301634,1405687,1639411,1911997,1.55,1382929.73,0.93,29.6,50.0,20.4,96.0,648245,633522,47.2,52.8,605243,676524,2.22,60.1,72.8,621,40.6,11.5,8.5,1.7,4.1,107261,137.48,29.0,6.1,37.7,39.9,57.5,77.4,35.0,17.9,49.0,628066,54.1,23.2,23.0,30.4,86.1,3.83,85.5,21.2,55.0,2026-08-27,World Population Dataset 2024 (Comprehensive),2.0
Cyprus,Asia,West Asia,Very High Income,Medium,1267464,1187619,1288250,1397409,1644259,1934714,1.64,1442241.6,0.88,32.8,64.4,2.8,95.4,635071,632393,21.0,79.0,265784,1001680,6.85,69.2,54.3,131,64.4,14.0,6.5,3.5,5.7,68258,86.51,9.0,12.2,58.4,62.1,37.0,69.0,70.2,55.9,52.8,669221,13.0,13.1,65.5,35.5,44.3,4.58,41.0,52.4,58.5,2026-08-27,World Population Dataset 2024 (Comprehensive),2.0
Eswatini,Africa,Southern Africa,Very High Income,Medium,1191566,1185390,1193115,1200890,1216594,1232502,0.13,16772872.84,0.07,24.2,67.5,8.2,106.0,606821,584745,26.3,73.7,313423,878143,5.75,61.1,45.7,440,71.3,11.9,13.2,3.9,5.2,124829,148.74,20.9,13.6,28.4,27.5,31.2,80.4,69.6,64.1,53.0,631530,98.5,27.4,93.7,91.7,51.9,14.53,5.8,10.2,71.0,2026-08-27,World Population Dataset 2024 (Comprehensive),2.0
Djibouti,Africa,East Africa,High Income,Medium,1160033,991601,1206434,1467812,2172720,3216156,4.0,6362603.84,0.18,41.5,50.0,8.5,98.3,560604,599429,71.3,28.7,827111,332922,6.75,84.8,10.7,30,3.4,9.7,3.5,1.6,11.8,45828,53.16,21.8,3.5,51.0,28.7,76.3,69.4,91.5,29.1,57.0,661219,68.3,79.8,97.5,35.5,45.4,5.11,42.6,43.4,34.0,2026-08-27,World Population Dataset 2024 (Comprehensive),2.0
Fiji,Oceania,Oceania,High Income,Medium,1067303,989511,1087688,1195607,1444630,1745519,1.91,6300916.81,0.17,29.2,50.0,20.8,93.0,514882,552421,26.3,73.7,281015,786288,3.77,59.6,36.9,457,19.2,4.5,12.5,4.1,3.9,36564,39.02,19.1,1.5,4.7,31.5,72.2,62.0,69.1,53.8,57.7,615834,32.1,168.6,63.2,79.5,57.4,3.53,8.9,35.5,63.9,2026-08-27,World Population Dataset 2024 (Comprehensive),2.0
Comoros,Africa,East Africa,Very High Income,Medium,1061150,1086567,1054889,1024135,965290,909827,-0.59,13817592.74,0.08,19.5,78.0,2.6,109.4,519841,541309,57.3,42.7,607664,453486,1.39,65.9,37.9,868,72.2,10.7,8.6,1.5,3.9,174482,185.15,10.8,13.2,20.8,48.8,41.4,54.7,97.2,63.3,64.5,684442,60.7,118.4,56.7,94.4,42.8,9.13,51.2,22.2,49.3,2026-08-27,World Population Dataset 2024 (Comprehensive),2.0
Guyana,South America,South America,High Income,Medium,1043713,957453,1066466,1187891,1473790,1828498,2.18,16103225.84,0.06,15.1,80.0,4.9,107.9,507643,536070,73.8,26.2,770408,273305,4.15,82.3,69.4,349,67.6,10.1,1.3,2.3,4.6,19522,20.38,9.6,6.1,5.0,31.0,46.4,65.7,33.4,60.0,47.2,492633,15.4,146.3,95.6,48.9,96.9,15.6,33.8,48.7,71.8,2026-08-27,World Population Dataset 2024 (Comprehensive),2.0
Bhutan,Asia,South Asia,Very High Income,Medium,1023805,1034522,1021143,1007937,982035,956799,-0.26,16762018.09,0.06,16.1,59.5,24.4,108.7,527128,496677,19.6,80.4,200860,822945,3.56,81.2,44.6,40,96.7,9.8,14.6,3.7,7.0,96231,98.52,18.7,8.4,58.5,63.7,31.7,54.8,36.9,16.9,71.1,727925,96.8,89.3,73.9,55.9,45.0,4.42,45.2,69.8,46.9,2026-08-27,World Population Dataset 2024 (Comprehensive),2.0
Solomon Islands,Oceania,Oceania,High Income,Small,934932,850980,957183,1076641,1362141,1723349,2.38,12807429.27,0.07,19.8,73.2,7.0,109.9,456965,477967,61.1,38.9,570852,364080,6.02,56.9,31.7,33,76.8,8.4,7.9,3.5,3.4,42118,39.38,26.3,14.5,49.2,42.9,88.4,58.8,33.1,67.2,47.5,444093,21.6,71.5,25.2,69.8,27.8,1.51,57.1,79.9,46.2,2026-08-27,World Population Dataset 2024 (Comprehensive),2.0
Macau,Asia,East Asia,Upper Middle Income,Small,897140,798957,923516,1067493,1426287,1905673,2.94,6396413.27,0.14,16.4,63.3,20.3,95.1,465647,431493,33.1,66.9,296869,600271,1.32,79.7,78.2,352,95.2,8.9,4.7,4.9,11.0,7589,6.81,28.5,1.5,51.3,45.1,98.2,99.4,43.0,29.5,54.0,484456,66.6,28.4,57.3,91.7,62.1,6.48,78.8,49.0,50.5,2026-08-27,World Population Dataset 2024 (Comprehensive),2.0
Luxembourg,Europe,Western Europe,Upper Middle Income,Small,830255,831252,830006,828762,826279,823803,-0.03,1419512.64,0.58,17.5,73.9,8.7,99.1,409711,420544,96.7,3.3,802553,27702,3.78,67.0,10.6,148,71.1,6.3,7.3,1.2,3.6,7036,5.84,5.0,9.9,56.3,34.9,39.5,72.2,67.9,27.1,62.7,520570,28.3,158.9,39.2,95.9,24.6,13.48,61.3,33.0,62.5,2026-08-27,World Population Dataset 2024 (Comprehensive),2.0
Montenegro,Europe,Southern Europe,High Income,Small,792872,714114,813883,927592,1204887,1565078,2.65,13211497.68,0.06,21.4,73.8,4.8,105.6,386354,406518,53.5,46.5,424338,368534,1.65,67.9,35.0,26,31.9,8.8,12.9,3.3,10.8,33457,26.53,6.3,1.6,6.0,43.8,46.2,76.6,75.2,9.1,75.8,600997,73.2,143.1,57.6,81.8,28.8,9.96,41.9,18.8,77.5,2026-08-27,World Population Dataset 2024 (Comprehensive),2.0
Suriname,South America,South America,Very High Income,Small,787387,732581,801717,877378,1050794,1258487,1.82,9492872.47,0.08,16.9,74.3,8.8,104.5,402818,384569,82.5,17.5,649904,137483,2.75,54.9,5.3,682,13.2,4.6,4.9,3.1,1.7,164713,129.69,28.5,5.9,23.8,51.5,90.8,93.7,33.2,36.6,73.3,577155,78.8,38.6,56.4,36.1,37.6,14.72,74.7,21.3,15.1,2026-08-27,World Population Dataset 2024 (Comprehensive),2.0
Cabo Verde,Africa,West Africa,Very High Income,Small,763010,693141,781551,881238,1120379,1424416,2.43,7211774.45,0.11,27.8,50.0,22.2,94.8,386349,376661,59.5,40.5,454147,308863,5.35,53.0,59.7,415,78.8,12.5,3.3,4.6,8.1,53814,41.06,22.6,12.2,5.2,55.0,94.9,99.8,96.2,12.1,69.0,526477,69.0,97.1,66.6,76.8,57.1,17.28,82.0,38.9,13.7,2026-08-27,World Population Dataset 2024 (Comprehensive),2.0
Maldives,Asia,South Asia,Very High Income,Small,673614,574702,700895,854798,1271407,1891060,4.05,15408024.59,0.04,13.2,60.8,26.0,106.7,336758,336856,13.9,86.1,93680,579934,3.7,76.9,73.6,264,65.5,4.4,2.4,0.9,10.9,180597,121.65,26.7,6.8,13.4,55.2,59.4,79.1,89.0,21.2,47.0,316599,63.4,92.9,48.5,58.7,54.7,14.29,15.2,30.0,75.6,2026-08-27,World Population Dataset 2024 (Comprehensive),2.0
Malta,Europe,Southern Europe,Very High Income,Small,643444,622518,648785,676160,734424,797709,0.83,1890357.64,0.34,24.8,50.0,25.2,96.0,323147,320297,67.0,33.0,431002,212442,3.07,68.4,23.8,811,7.7,3.1,4.8,3.8,2.4,110592,71.16,7.7,15.0,14.5,48.1,33.5,90.6,50.8,25.6,64.6,415665,89.8,116.3,33.1,62.9,84.0,10.91,50.2,73.2,47.1,2026-08-27,World Population Dataset 2024 (Comprehensive),2.0
Brunei,Asia,Southeast Asia,Very High Income,Small,635022,633247,635467,637694,642172,646681,0.07,8374627.03,0.08,26.4,60.5,13.1,96.0,323079,311943,95.6,4.4,607248,27774,3.19,66.2,69.0,109,37.9,7.7,11.8,2.9,11.6,83069,52.75,18.5,8.6,28.7,61.2,32.8,66.3,35.4,57.6,43.9,278775,12.5,170.9,60.3,33.4,79.2,8.93,29.2,30.1,53.0,2026-08-27,World Population Dataset 2024 (Comprehensive),2.0
Belize,North America,Central America,Very High Income,Small,606146,609308,605358,601433,593660,585988,-0.13,193012.46,3.14,29.3,50.0,20.7,101.7,296489,309657,64.1,35.9,388813,217333,3.59,77.0,24.8,861,95.8,10.6,7.3,1.4,5.7,110301,66.86,21.6,5.2,16.8,57.7,70.2,65.3,41.9,61.9,57.0,345503,36.4,108.6,86.4,43.4,54.1,0.82,9.0,30.5,43.8,2026-08-27,World Population Dataset 2024 (Comprehensive),2.0
Bahamas,North America,Caribbean,Very High Income,Small,562276,562726,562164,561602,560479,559359,-0.02,7967231.18,0.07,14.5,77.8,7.7,102.7,292301,269975,83.7,16.3,470777,91499,5.65,78.3,73.0,286,51.5,7.7,3.8,2.4,11.4,98269,55.25,21.0,3.7,7.0,55.3,57.5,70.1,38.9,24.7,58.6,329494,28.6,101.8,73.1,85.3,46.7,17.72,61.8,31.3,16.6,2026-08-27,World Population Dataset 2024 (Comprehensive),2.0
Iceland,Europe,Northern Europe,Very High Income,Small,503642,482460,509081,537172,598089,665914,1.08,957156.16,0.53,25.9,63.9,10.2,102.4,261386,242256,89.6,10.4,451155,52487,6.32,55.9,60.8,800,45.0,5.6,2.9,1.7,8.3,144216,72.63,13.4,5.6,10.9,27.2,32.0,83.6,38.6,60.8,41.8,210522,98.9,18.6,47.1,61.8,45.3,6.96,78.3,67.1,63.8,2026-08-27,World Population Dataset 2024 (Comprehensive),2.0
Vanuatu,Oceania,Oceania,Very High Income,Small,482918,451252,491176,534632,633420,750461,1.71,2019905.02,0.24,22.9,50.0,27.1,93.6,244363,238555,30.5,69.5,147421,335497,6.72,72.6,64.8,545,47.4,9.3,5.3,2.9,4.0,53818,25.99,2.4,5.9,9.7,25.3,70.8,84.1,66.3,60.7,52.3,252566,42.0,20.7,94.8,51.1,81.9,2.82,18.8,52.4,62.3,2026-08-27,World Population Dataset 2024 (Comprehensive),2.0
Barbados,North America,Caribbean,Very High Income,Small,465021,436070,472554,512092,601367,706206,1.62,1997946.64,0.23,44.6,53.0,2.4,107.8,226922,238099,29.1,70.9,135247,329774,5.66,55.0,3.4,745,23.3,6.5,14.1,4.5,2.7,67209,31.25,18.3,1.5,58.4,33.5,30.8,65.8,47.2,54.7,83.0,385967,74.6,41.8,93.0,56.9,24.2,12.03,74.1,49.5,31.8,2026-08-27,World Population Dataset 2024 (Comprehensive),2.0
Sao Tome and Principe,Africa,Central Africa,Very High Income,Small,425388,386284,435767,491590,625602,796148,2.44,11036575.31,0.04,42.7,52.9,4.4,96.8,215761,209627,65.0,35.0,276452,148936,2.69,77.8,77.1,886,38.8,14.1,5.5,2.9,4.0,169899,72.27,9.1,5.9,45.8,51.5,85.1,56.7,55.1,14.5,82.9,352647,70.0,15.5,36.7,89.8,21.0,5.19,77.5,27.4,31.4,2026-08-27,World Population Dataset 2024 (Comprehensive),2.0
Samoa,Oceania,Oceania,Very High Income,Small,408282,388951,413263,439095,495703,559609,1.22,12682763.07,0.03,20.3,71.9,7.8,94.3,197154,211128,47.0,53.0,191862,216420,5.04,74.3,58.7,263,38.9,14.0,14.8,3.2,1.6,179837,73.42,14.6,7.2,58.1,41.4,51.5,81.6,99.3,49.9,55.9,228230,25.1,136.4,23.2,82.4,83.6,10.59,82.7,65.6,68.6,2026-08-27,World Population Dataset 2024 (Comprehensive),2.0
Saint Lucia,North America,Caribbean,Very High Income,Small,377864,330818,390636,461269,643161,896779,3.38,9917269.21,0.04,17.3,80.0,2.7,108.0,181838,196026,85.6,14.4,323404,54460,3.46,85.4,25.8,865,8.1,8.5,7.5,2.6,2.2,169608,64.09,28.8,11.0,26.9,41.1,32.8,56.4,77.9,66.4,41.9,158325,27.7,133.0,79.3,49.1,58.2,10.6,27.5,4.0,15.1,2026-08-27,World Population Dataset 2024 (Comprehensive),2.0
Kiribati,Oceania,Oceania,Very High Income,Small,342654,331905,345395,359434,389246,421531,0.8,16356933.34,0.02,36.7,56.2,7.1,109.2,168006,174648,91.0,9.0,311822,30832,2.3,52.6,66.7,354,77.5,6.3,3.1,0.4,1.7,79811,27.35,13.2,10.0,17.4,60.4,71.2,78.9,96.4,49.4,48.1,164817,31.7,33.1,86.2,38.2,30.5,8.08,81.8,69.8,71.7,2026-08-27,World Population Dataset 2024 (Comprehensive),2.0
Grenada,North America,Caribbean,Very High Income,Small,291168,241378,305144,385755,616487,985229,4.8,6372800.16,0.05,31.7,50.0,18.3,107.5,145149,146019,41.8,58.2,121731,169437,6.0,52.1,24.0,350,43.4,11.6,13.4,1.2,5.4,148313,43.18,25.5,10.8,48.1,60.8,57.8,84.7,40.0,26.6,57.6,167713,44.1,152.1,97.4,47.6,38.8,15.07,32.3,41.5,28.0,2026-08-27,World Population Dataset 2024 (Comprehensive),2.0
Micronesia,Oceania,Oceania,Very High Income,Small,279341,256656,285319,317183,391984,484425,2.14,4857105.82,0.06,32.3,53.9,13.8,106.6,143785,135556,31.3,68.7,87485,191856,0.94,60.4,70.1,310,82.8,2.5,7.2,2.5,9.6,90609,25.31,7.3,0.6,20.2,61.4,98.2,85.0,56.7,37.5,82.7,231015,27.3,36.3,91.2,94.5,94.6,4.84,51.9,32.5,51.5,2026-08-27,World Population Dataset 2024 (Comprehensive),2.0
Tonga,Oceania,Oceania,Very High Income,Small,279136,280143,278885,277632,275143,272677,-0.09,14766185.24,0.02,23.0,50.0,27.0,103.8,142104,137032,80.2,19.8,223999,55137,6.38,59.7,10.8,490,85.5,8.2,10.8,1.6,2.1,94633,26.42,20.8,3.7,18.7,37.6,68.1,87.7,68.8,47.0,46.4,129519,6.9,61.2,68.0,70.7,88.8,8.13,9.3,40.3,75.5,2026-08-27,World Population Dataset 2024 (Comprehensive),2.0
Seychelles,Africa,East Africa,High Income,Small,244717,248772,243714,238758,229148,219924,-0.41,3801129.64,0.06,21.2,53.9,24.9,101.9,124734,119983,34.7,65.3,84996,159721,3.61,59.1,56.9,143,23.6,6.4,14.8,1.0,2.0,39048,9.56,29.4,10.1,14.7,52.6,49.3,93.6,35.4,38.2,74.4,182069,88.5,52.3,62.4,67.3,76.8,9.72,8.7,53.7,57.5,2026-08-27,World Population Dataset 2024 (Comprehensive),2.0
Antigua and Barbuda,North America,Caribbean,Very High Income,Small,244089,226209,248776,273593,330902,400215,1.92,16374783.19,0.01,38.4,50.0,11.6,93.6,121317,122772,84.0,16.0,205121,38968,4.71,83.5,44.2,501,66.8,14.0,1.2,2.6,7.9,112397,27.43,4.9,7.5,8.7,35.9,79.7,75.0,30.3,12.8,44.9,109596,96.7,73.3,22.2,71.7,58.6,11.98,66.2,2.0,39.0,2026-08-27,World Population Dataset 2024 (Comprehensive),2.0
Andorra,Europe,Southern Europe,High Income,Small,230804,223032,232789,242972,264696,288361,0.86,206626.56,1.12,17.5,73.3,9.3,99.4,113980,116824,48.1,51.9,111101,119703,4.85,59.2,9.5,490,48.8,2.2,1.9,1.7,2.8,35529,8.2,2.2,0.6,16.1,32.6,49.0,86.5,76.9,25.3,84.2,194337,37.4,53.3,39.7,55.6,61.6,14.13,42.8,69.9,58.3,2026-08-27,World Population Dataset 2024 (Comprehensive),2.0
Guam,Oceania,Oceania,Very High Income,Small,174083,160574,177634,196507,240483,294299,2.04,4776374.58,0.04,22.9,74.5,2.6,96.8,87958,86125,63.5,36.5,110548,63535,5.35,85.6,20.7,443,8.6,12.0,8.3,2.7,11.9,102520,17.85,26.6,13.4,30.8,38.8,44.8,55.3,85.8,61.7,46.7,81297,43.6,45.7,74.7,80.8,32.8,4.52,30.6,7.2,15.1,2026-08-27,World Population Dataset 2024 (Comprehensive),2.0
Curacao,North America,Caribbean,Very High Income,Small,157968,152770,159295,166099,180590,196346,0.84,13834515.43,0.01,12.7,69.8,17.5,106.9,79571,78397,17.7,82.3,27975,129993,5.55,54.2,46.6,482,48.0,9.4,4.5,0.6,4.1,138630,21.9,25.0,3.6,51.9,29.7,58.6,68.2,98.5,58.9,48.1,75983,56.1,153.2,50.8,53.7,21.6,1.43,14.0,79.6,46.9,2026-08-27,World Population Dataset 2024 (Comprehensive),2.0
Dominica,North America,Caribbean,Very High Income,Small,149164,136355,152550,170669,213617,267374,2.27,16487940.07,0.01,22.9,64.4,12.6,98.7,73813,75351,70.1,29.9,104533,44631,6.34,60.1,20.9,687,88.4,9.2,10.9,1.4,1.6,63131,9.42,14.1,12.2,22.0,32.4,93.3,81.0,74.9,57.2,57.2,85322,37.2,93.1,56.8,86.5,98.0,7.17,26.8,36.3,34.1,2026-08-27,World Population Dataset 2024 (Comprehensive),2.0
Marshall Islands,Oceania,Oceania,Very High Income,Small,116979,108453,119213,131041,158335,191313,1.91,733718.98,0.16,27.0,54.5,18.5,96.7,60771,56208,18.6,81.4,21756,95223,4.71,78.1,3.0,751,23.9,11.6,4.6,2.4,2.4,162485,19.01,4.6,11.7,40.8,38.7,56.2,59.3,58.8,61.0,74.9,87617,5.7,79.3,70.3,66.6,97.3,11.66,21.2,28.1,29.4,2026-08-27,World Population Dataset 2024 (Comprehensive),2.0
Aruba,North America,Caribbean,Low Income,Small,107822,107650,107865,108081,108514,108949,0.04,5261969.82,0.02,17.2,73.1,9.7,92.5,53304,54518,17.1,82.9,18489,89333,2.56,62.9,70.6,651,4.0,9.5,4.6,2.4,5.5,480,0.05,24.5,4.0,46.8,43.6,55.3,86.5,58.7,58.9,76.0,81945,19.2,51.4,54.0,74.8,82.5,11.25,11.6,67.1,48.0,2026-08-27,World Population Dataset 2024 (Comprehensive),2.0
Saint Kitts and Nevis,North America,Caribbean,High Income,Micro,87703,83981,88659,93597,104315,116259,1.09,15149432.99,0.01,30.3,60.2,9.5,105.0,42238,45465,66.1,33.9,58013,29690,4.57,66.6,38.6,399,68.7,8.3,3.2,0.8,11.1,39503,3.46,23.0,8.5,4.7,42.2,68.5,51.3,64.3,13.9,55.4,48587,69.6,177.7,64.6,38.2,37.2,2.8,61.9,11.9,79.8,2026-08-27,World Population Dataset 2024 (Comprehensive),2.0
US Virgin Islands,North America,Caribbean,Very High Income,Micro,87425,83056,88553,94414,107325,122002,1.29,9933343.51,0.01,15.4,57.6,27.0,98.3,45155,42270,59.2,40.8,51758,35667,1.15,83.3,71.6,130,89.4,5.1,11.5,2.9,10.7,124453,10.88,22.0,11.3,48.4,29.7,53.6,77.1,46.6,53.2,54.1,47297,82.0,43.6,46.4,44.0,32.5,8.88,7.0,27.6,35.7,2026-08-27,World Population Dataset 2024 (Comprehensive),2.0
Monaco,Europe,Western Europe,High Income,Micro,72452,72655,72401,72148,71645,71145,-0.07,8970919.09,0.01,19.7,60.8,19.5,100.9,37290,35162,50.7,49.3,36704,35748,1.12,78.7,25.5,276,62.0,3.1,1.1,4.6,9.9,13706,0.99,27.6,1.5,13.4,58.2,33.5,64.2,59.1,66.9,68.2,49412,83.4,19.5,79.4,39.0,84.9,16.79,5.0,35.7,62.6,2026-08-27,World Population Dataset 2024 (Comprehensive),2.0
Cayman Islands,North America,Caribbean,Very High Income,Micro,68500,64718,69480,74591,85971,99087,1.43,10668487.55,0.01,23.5,60.9,15.6,106.8,34503,33997,64.6,35.4,44277,24223,1.15,62.9,48.3,525,22.3,12.9,0.7,4.2,5.7,146559,10.04,8.8,9.5,34.2,31.6,61.5,79.3,57.5,50.8,55.1,37744,78.1,39.0,59.9,81.0,92.3,8.76,59.5,32.4,12.3,2026-08-27,World Population Dataset 2024 (Comprehensive),2.0
Bermuda,North America,North America,Very High Income,Micro,64069,64403,63986,63571,62749,61938,-0.13,7727198.37,0.01,12.1,61.6,26.3,102.7,31463,32606,67.8,32.2,43424,20645,5.21,65.2,54.1,316,72.2,3.4,11.9,3.3,0.9,131849,8.45,19.9,10.2,18.8,42.4,36.7,73.9,52.1,13.6,43.1,27614,40.0,105.5,42.2,37.1,93.5,16.74,86.9,9.6,68.9,2026-08-27,World Population Dataset 2024 (Comprehensive),2.0
American Samoa,Oceania,Oceania,Very High Income,Micro,56749,50775,58349,67054,88552,116943,2.82,16156995.25,0.0,40.5,50.0,9.5,107.8,28904,27845,54.7,45.3,31047,25702,2.93,70.7,64.0,365,13.8,2.8,7.4,0.3,2.4,53813,3.05,22.7,11.4,9.5,54.3,82.7,79.3,77.4,16.0,66.8,37908,78.3,29.8,90.6,37.9,97.4,16.2,13.0,6.7,76.8,2026-08-27,World Population Dataset 2024 (Comprehensive),2.0
Greenland,North America,North America,Very High Income,Micro,56643,52783,57651,62968,75118,89613,1.78,11827727.86,0.0,31.3,62.8,5.9,100.7,28144,28499,12.1,87.9,6869,49774,1.23,69.7,68.5,504,41.3,3.0,0.9,0.7,3.6,63250,3.58,19.2,2.5,29.6,48.8,95.1,55.4,81.0,60.8,76.4,43275,34.3,99.6,99.3,32.5,60.9,9.54,32.3,64.8,47.6,2026-08-27,World Population Dataset 2024 (Comprehensive),2.0
Liechtenstein,Europe,Western Europe,High Income,Micro,55346,57780,54754,51886,46594,41842,-1.07,16880401.54,0.0,14.6,71.9,13.5,93.5,27847,27499,62.8,37.2,34754,20592,3.97,52.4,48.7,237,31.6,14.6,0.8,4.4,4.6,13298,0.74,14.2,11.6,48.7,29.8,59.8,72.2,31.7,26.4,48.6,26898,18.9,34.2,42.4,67.6,35.8,6.96,73.5,40.2,55.1,2026-08-27,World Population Dataset 2024 (Comprehensive),2.0
Faroe Islands,Europe,Northern Europe,High Income,Micro,52110,53187,51844,50536,48017,45623,-0.51,15319686.23,0.0,12.5,63.1,24.4,104.2,25452,26658,30.9,69.1,16089,36021,0.78,50.8,16.5,402,30.9,4.5,13.5,3.3,7.0,28973,1.51,4.6,3.0,9.1,46.9,90.9,54.3,36.8,49.1,68.6,35747,43.0,64.2,55.2,56.0,49.3,2.24,41.6,46.0,26.6,2026-08-27,World Population Dataset 2024 (Comprehensive),2.0
Northern Mariana Islands,Oceania,Oceania,Very High Income,Micro,51454,46109,52884,60656,79792,104965,2.78,15134484.38,0.0,20.2,62.6,17.2,106.4,24969,26485,98.9,1.1,50888,566,2.57,84.7,4.7,894,53.0,9.5,6.1,3.2,8.5,80908,4.16,2.4,13.7,37.8,51.3,33.6,77.2,68.3,8.5,76.6,39414,51.0,174.9,36.3,58.4,93.2,16.4,69.5,68.2,25.6,2026-08-27,World Population Dataset 2024 (Comprehensive),2.0
San Marino,Europe,Southern Europe,Very High Income,Micro,50771,49709,51040,52407,55252,58251,0.53,1254542.06,0.04,32.5,50.0,17.5,96.0,25261,25510,25.1,74.9,12754,38017,1.65,68.0,25.2,179,16.3,8.7,11.7,3.6,8.0,178761,9.08,9.2,9.0,9.7,54.4,88.3,80.9,53.5,48.1,46.6,23659,20.2,19.0,65.2,95.6,37.1,13.16,11.7,32.9,34.9,2026-08-27,World Population Dataset 2024 (Comprehensive),2.0
Palau,Oceania,Oceania,Very High Income,Micro,47607,43163,48788,55145,70453,90009,2.48,9415523.06,0.01,21.5,64.2,14.2,104.3,24232,23375,76.3,23.7,36333,11274,5.35,51.2,25.4,57,66.2,10.0,2.4,0.6,6.7,96413,4.59,14.2,11.8,21.2,46.3,86.4,92.5,42.4,53.9,82.2,39133,80.1,116.4,27.1,51.6,74.1,0.46,21.3,54.6,13.4,2026-08-27,World Population Dataset 2024 (Comprehensive),2.0
Sint Maarten,North America,Caribbean,High Income,Micro,44598,40657,45642,51237,64572,81376,2.34,9113638.46,0.0,31.9,50.0,18.1,107.7,22325,22273,34.7,65.3,15464,29134,6.8,72.5,66.7,819,60.7,7.8,8.9,2.7,5.4,43933,1.96,25.5,5.1,40.4,48.1,48.8,79.2,58.0,35.0,61.1,27249,9.7,36.5,35.9,66.7,92.7,7.84,66.4,74.5,75.4,2026-08-27,World Population Dataset 2024 (Comprehensive),2.0
Turks and Caicos Islands,North America,Caribbean,Very High Income,Micro,38616,34443,39736,45842,61012,81202,2.9,1321489.29,0.03,40.4,50.0,9.6,103.1,19296,19320,21.6,78.4,8324,30292,5.52,57.3,11.0,431,43.1,13.0,7.1,0.9,9.5,184890,7.14,19.0,7.4,25.7,25.4,86.4,65.4,46.8,17.3,71.3,27533,81.5,119.3,23.8,79.0,67.9,9.01,51.3,75.8,73.2,2026-08-27,World Population Dataset 2024 (Comprehensive),2.0
Nauru,Oceania,Oceania,Very High Income,Micro,37313,35128,37880,40848,47499,55233,1.52,16478143.12,0.0,33.2,56.5,10.2,93.4,18637,18676,87.7,12.3,32705,4608,3.93,52.3,60.0,311,74.6,5.1,7.3,3.9,8.3,77906,2.91,22.3,11.4,52.0,36.5,45.7,59.8,36.9,57.8,81.3,30335,63.5,19.3,53.1,90.9,52.4,3.77,37.8,34.3,12.2,2026-08-27,World Population Dataset 2024 (Comprehensive),2.0
British Virgin Islands,North America,Caribbean,Upper Middle Income,Micro,33597,30966,34289,37969,46557,57088,2.06,9922154.11,0.0,43.2,50.0,6.8,104.2,17275,16322,99.2,0.8,33333,264,4.86,74.2,48.7,40,15.1,7.7,7.9,4.0,1.7,10570,0.36,22.5,2.8,4.4,38.1,70.0,62.6,99.5,40.7,67.0,22510,24.1,128.6,95.3,68.9,55.9,0.71,47.8,45.0,62.4,2026-08-27,World Population Dataset 2024 (Comprehensive),2.0
Gibraltar,Europe,Southern Europe,Very High Income,Micro,33442,31212,34024,37089,44072,52369,1.74,772588.94,0.04,36.1,50.0,13.9,102.2,16885,16557,45.2,54.8,15110,18332,6.73,74.6,8.2,565,38.7,8.6,6.8,2.3,10.1,166443,5.57,7.6,3.3,35.3,61.1,35.8,52.9,42.5,21.4,56.0,18728,95.0,110.9,88.6,65.1,69.5,14.47,79.4,69.0,41.3,2026-08-27,World Population Dataset 2024 (Comprehensive),2.0
Tuvalu,Oceania,Oceania,Very High Income,Micro,28410,29184,28220,27287,25513,23854,-0.67,8892663.59,0.0,16.2,55.3,28.6,107.3,14629,13781,29.5,70.5,8383,20027,4.99,83.5,5.8,247,33.6,8.3,9.3,4.1,8.4,154105,4.38,2.3,12.1,10.1,44.7,45.8,56.3,97.0,66.5,79.9,22700,9.3,152.2,80.0,83.5,94.5,8.82,46.2,77.0,48.8,2026-08-27,World Population Dataset 2024 (Comprehensive),2.0
Caribbean Netherlands,North America,Caribbean,Very High Income,Micro,26166,25680,26289,26913,28205,29559,0.47,11640430.09,0.0,29.8,50.0,20.2,94.3,12731,13435,90.5,9.5,23674,2492,4.64,55.6,42.4,784,96.5,6.3,6.4,3.3,9.3,183707,4.81,28.1,6.7,19.5,64.2,77.6,82.0,42.7,51.1,44.9,11749,59.7,45.6,93.2,93.5,46.2,9.12,46.9,2.8,19.9,2026-08-27,World Population Dataset 2024 (Comprehensive),2.0
Cook Islands,Oceania,Oceania,Upper Middle Income,Micro,17506,18129,17354,16612,15222,13948,-0.87,7746165.07,0.0,30.3,50.0,19.7,103.9,8904,8602,22.3,77.7,3900,13606,2.9,51.9,47.5,793,29.0,3.5,13.4,0.5,8.3,7331,0.13,9.0,11.5,17.1,62.3,64.5,61.7,63.3,51.6,57.2,10013,90.3,13.7,89.9,64.0,33.4,16.99,56.5,17.8,74.6,2026-08-27,World Population Dataset 2024 (Comprehensive),2.0
Vatican City,Europe,Southern Europe,Very High Income,Micro,16624,15688,16867,18134,20963,24233,1.46,10699777.03,0.0,26.6,50.0,23.4,100.9,8578,8046,18.6,81.4,3094,13530,0.96,55.2,72.4,870,65.5,7.6,6.7,3.9,7.7,158840,2.64,18.5,8.0,5.9,37.0,87.2,98.2,72.0,25.3,68.1,11321,64.1,97.0,75.5,47.3,27.1,15.82,35.2,48.3,63.3,2026-08-27,World Population Dataset 2024 (Comprehensive),2.0
Anguilla,North America,Caribbean,High Income,Micro,15778,14222,16193,18437,23902,30987,2.63,16564711.74,0.0,47.5,50.0,2.5,105.5,7729,8049,19.4,80.6,3056,12722,2.37,70.9,9.3,491,50.8,5.4,4.5,0.6,11.0,43119,0.68,20.8,10.9,28.0,58.1,83.2,80.7,91.2,51.8,56.3,8883,85.8,143.1,48.2,58.8,25.7,2.87,29.1,33.8,19.8,2026-08-27,World Population Dataset 2024 (Comprehensive),2.0
Wallis and Futuna,Oceania,Oceania,High Income,Micro,11396,11492,11372,11253,11019,10790,-0.21,10542254.35,0.0,40.4,50.4,9.2,107.3,5884,5512,72.6,27.4,8269,3127,5.58,65.5,79.6,563,84.0,2.5,13.5,2.2,11.8,24469,0.28,8.0,9.2,29.8,57.8,60.9,81.9,94.6,35.9,46.0,5242,91.2,146.5,24.8,67.9,29.7,9.41,53.5,53.8,39.8,2026-08-27,World Population Dataset 2024 (Comprehensive),2.0
Saint Pierre and Miquelon,North America,North America,Very High Income,Micro,5847,5679,5890,6108,6569,7064,0.73,11868749.29,0.0,39.2,55.5,5.3,107.9,2911,2936,62.1,37.9,3628,2219,1.22,86.0,54.2,868,54.5,2.5,2.6,4.4,7.8,57888,0.34,28.6,3.4,34.9,29.2,40.4,90.5,45.7,44.3,49.2,2877,95.5,127.6,51.7,76.6,94.5,6.63,76.6,48.9,39.7,2026-08-27,World Population Dataset 2024 (Comprehensive),2.0
Saint Helena,Africa,East Africa,Very High Income,Micro,5272,4876,5376,5927,7203,8755,1.97,4715480.47,0.0,33.8,60.3,5.9,107.6,2568,2704,46.4,53.6,2446,2826,4.87,59.6,68.7,515,4.4,2.7,5.4,1.5,11.8,145501,0.77,9.6,10.0,5.9,47.7,53.4,91.0,35.1,60.2,48.9,2578,13.3,144.0,91.1,87.3,26.8,12.22,9.6,43.9,79.0,2026-08-27,World Population Dataset 2024 (Comprehensive),2.0
Montserrat,North America,Caribbean,Very High Income,Micro,4436,4069,4533,5049,6264,7772,2.18,16765582.66,0.0,15.0,57.4,27.6,94.9,2284,2152,75.2,24.8,3335,1101,0.83,67.2,73.0,209,42.2,7.5,14.4,0.8,4.9,57937,0.26,4.3,4.4,43.8,57.0,40.8,94.9,88.1,38.2,77.1,3420,32.5,169.4,88.5,39.7,38.1,3.37,85.6,26.8,16.7,2026-08-27,World Population Dataset 2024 (Comprehensive),2.0
Falkland Islands,South America,South America,Low Income,Micro,3765,3482,3839,4233,5144,6252,1.97,3198060.12,0.0,24.6,50.0,25.4,104.8,1843,1922,48.5,51.5,1827,1938,1.87,77.0,42.7,560,39.8,12.8,9.4,2.8,8.4,202,0.0,8.9,13.4,28.1,51.3,57.6,52.1,49.6,29.9,50.7,1909,94.0,60.5,46.3,42.0,92.8,14.04,16.9,66.8,48.8,2026-08-27,World Population Dataset 2024 (Comprehensive),2.0
Niue,Oceania,Oceania,Very High Income,Micro,1938,1793,1976,2179,2648,3218,1.97,7882873.15,0.0,20.4,50.0,29.6,107.1,1006,932,74.6,25.4,1445,493,1.8,86.3,7.0,185,35.7,3.5,13.9,0.8,3.3,79264,0.15,3.8,8.9,19.1,60.9,67.1,74.9,54.5,15.9,53.5,1037,83.4,33.1,45.2,86.5,35.5,2.45,57.9,10.9,75.2,2026-08-27,World Population Dataset 2024 (Comprehensive),2.0
Tokelau,Oceania,Oceania,Very High Income,Micro,1892,1568,1983,2507,4006,6402,4.8,6006988.2,0.0,24.0,59.3,16.7,104.6,922,970,72.3,27.7,1368,524,1.32,59.5,66.8,359,4.9,2.6,14.4,3.5,9.7,99372,0.19,14.9,9.7,49.5,41.0,41.3,84.5,84.8,59.4,68.9,1304,80.2,34.8,61.0,78.5,53.3,10.86,22.7,11.3,10.4,2026-08-27,World Population Dataset 2024 (Comprehensive),2.0
